{"required_education": {"class_counts": [["Bachelor's Degree", 549], ["High School or equivalent", 215], ["Unspecified", 129], ["Master's Degree", 35], ["Associate Degree", 32], ["Certification", 22], ["Professional", 11], ["Some College Coursework Completed", 8], ["Vocational", 5], ["Doctorate", 3], ["Vocational - HS Diploma", 2], ["Vocational - Degree", 1], ["Some High School Coursework", 1]], "avg_precision": 0.901098901098901, "avg_recall": 0.8846153846153846, "avg_f1": 0.8846153846153846, "avg_accuracy": 0.998025666337611, "weighted_precision": 0.9976025948385276, "weighted_recall": 0.998025666337611, "weighted_f1": 0.9975320829220138, "weighted_accuracy": 0.998025666337611, "class_precision": [1.0, 1.0, 1.0, 1.0, 1.0, 1.0, 1.0, 1.0, 0.7142857142857143, 1.0, 1.0, 0.0, 1.0], "class_recall": [1.0, 1.0, 1.0, 1.0, 1.0, 1.0, 1.0, 1.0, 1.0, 1.0, 0.5, 0.0, 1.0], "class_f1": [1.0, 1.0, 1.0, 1.0, 1.0, 1.0, 1.0, 1.0, 0.8333333333333333, 1.0, 0.6666666666666666, 0.0, 1.0], "class_accuracy": 0.998025666337611, "num_classes": 13, "num_applicable_rows": 1013, "confusion_matrix": [["Bachelor's Degree", [["Bachelor's Degree", 549]]], ["High School or equivalent", [["High School or equivalent", 215]]], ["Unspecified", [["Unspecified", 129]]], ["Master's Degree", [["Master's Degree", 35]]], ["Associate Degree", [["Associate Degree", 32]]], ["Certification", [["Certification", 22]]], ["Professional", [["Professional", 11]]], ["Some College Coursework Completed", [["Some College Coursework Completed", 8]]], ["Vocational", [["Vocational", 5]]], ["Doctorate", [["Doctorate", 3]]], ["Vocational - HS Diploma", [["Vocational", 1], ["Vocational - HS Diploma", 1]]], ["Vocational - Degree", [["Vocational", 1]]], ["Some High School Coursework", [["Some High School Coursework", 1]]]], "precision_recall_curves": {"Bachelor's Degree": {"precision": [1.0, 1.0, 1.0, 1.0, 1.0, 1.0, 1.0, 1.0, 1.0, 1.0, 1.0, 1.0, 1.0, 1.0, 1.0, 1.0, 1.0, 1.0, 1.0, 1.0, 1.0, 1.0, 1.0, 1.0, 1.0, 1.0, 1.0, 1.0, 1.0, 1.0, 1.0, 1.0, 1.0, 1.0, 1.0, 1.0, 1.0, 1.0, 1.0, 1.0, 1.0, 1.0, 1.0, 1.0, 1.0], "recall": [1.0, 0.9981785063752276, 0.9963570127504554, 0.994535519125683, 0.9927140255009107, 0.9908925318761385, 0.9890710382513661, 0.9836065573770492, 0.9817850637522769, 0.9799635701275046, 0.97632058287796, 0.9744990892531876, 0.970856102003643, 0.9672131147540983, 0.9653916211293261, 0.9635701275045537, 0.9617486338797814, 0.9599271402550091, 0.9562841530054644, 0.9526411657559198, 0.9508196721311475, 0.9489981785063752, 0.9435336976320583, 0.941712204007286, 0.936247723132969, 0.930783242258652, 0.9198542805100182, 0.9107468123861566, 0.8979963570127505, 0.8852459016393442, 0.8779599271402551, 0.8688524590163934, 0.8615664845173042, 0.8469945355191257, 0.8306010928961749, 0.8160291438979964, 0.7941712204007286, 0.7704918032786885, 0.7285974499089253, 0.6830601092896175, 0.6229508196721312, 0.5591985428051002, 0.46265938069216755, 0.2750455373406193, 0.0], "thresholds": [0.9993557333946228, 0.9999428987503052, 0.9999758005142212, 0.9999890327453613, 0.9999897480010986, 0.9999939203262329, 0.999994158744812, 0.9999945163726807, 0.9999948740005493, 0.9999949932098389, 0.9999953508377075, 0.9999955892562866, 0.9999957084655762, 0.9999961853027344, 0.9999963045120239, 0.9999964237213135, 0.9999966621398926, 0.9999967813491821, 0.9999969005584717, 0.9999970197677612, 0.9999972581863403, 0.9999973773956299, 0.9999974966049194, 0.999997615814209, 0.9999977350234985, 0.9999978542327881, 0.9999979734420776, 0.9999980926513672, 0.9999982118606567, 0.9999983310699463, 0.9999984502792358, 0.9999985694885254, 0.9999986886978149, 0.9999988079071045, 0.999998927116394, 0.9999990463256836, 0.9999991655349731, 0.9999992847442627, 0.9999994039535522, 0.9999995231628418, 0.9999996423721313, 0.9999997615814209, 0.9999998807907104, 1.0]}, "High School or equivalent": {"precision": [1.0, 1.0, 1.0, 1.0, 1.0, 1.0, 1.0, 1.0, 1.0, 1.0, 1.0, 1.0, 1.0, 1.0, 1.0, 1.0, 1.0], "recall": [1.0, 0.9953488372093023, 0.9906976744186047, 0.986046511627907, 0.9813953488372092, 0.9674418604651163, 0.9627906976744186, 0.958139534883721, 0.9441860465116279, 0.9395348837209302, 0.9302325581395349, 0.9116279069767442, 0.8883720930232558, 0.8418604651162791, 0.7767441860465116, 0.6046511627906976, 0.0], "thresholds": [0.9999465942382812, 0.9999933242797852, 0.9999954700469971, 0.9999970197677612, 0.9999978542327881, 0.9999980926513672, 0.9999983310699463, 0.9999984502792358, 0.9999985694885254, 0.9999990463256836, 0.9999994039535522, 0.9999995231628418, 0.9999996423721313, 0.9999997615814209, 0.9999998807907104, 1.0]}, "Unspecified": {"precision": [1.0, 1.0, 1.0, 1.0, 1.0, 1.0, 1.0, 1.0, 1.0, 1.0, 1.0, 1.0, 1.0, 1.0, 1.0, 1.0, 1.0, 1.0, 1.0, 1.0, 1.0, 1.0, 1.0, 1.0, 1.0, 1.0, 1.0, 1.0, 1.0, 1.0, 1.0, 1.0, 1.0, 1.0, 1.0, 1.0, 1.0, 1.0, 1.0, 1.0, 1.0, 1.0], "recall": [1.0, 0.9922480620155039, 0.9844961240310077, 0.9767441860465116, 0.9689922480620154, 0.9612403100775194, 0.9534883720930233, 0.9457364341085271, 0.937984496124031, 0.9302325581395349, 0.9224806201550387, 0.9069767441860465, 0.8992248062015504, 0.8914728682170543, 0.8837209302325582, 0.875968992248062, 0.8682170542635659, 0.8604651162790697, 0.8527131782945736, 0.8449612403100775, 0.8372093023255814, 0.8294573643410853, 0.813953488372093, 0.8062015503875969, 0.7984496124031008, 0.7829457364341085, 0.7596899224806202, 0.751937984496124, 0.7054263565891473, 0.6976744186046512, 0.689922480620155, 0.6666666666666666, 0.6124031007751938, 0.5891472868217055, 0.5503875968992248, 0.5038759689922481, 0.4573643410852713, 0.4186046511627907, 0.34108527131782945, 0.24031007751937986, 0.12403100775193798, 0.0], "thresholds": [0.9999700784683228, 0.9999796152114868, 0.9999840259552002, 0.9999853372573853, 0.9999864101409912, 0.9999865293502808, 0.9999890327453613, 0.9999899864196777, 0.9999903440475464, 0.9999911785125732, 0.9999918937683105, 0.9999922513961792, 0.9999934434890747, 0.9999946355819702, 0.9999959468841553, 0.9999960660934448, 0.9999963045120239, 0.999996542930603, 0.9999967813491821, 0.9999969005584717, 0.9999971389770508, 0.9999973773956299, 0.9999974966049194, 0.9999977350234985, 0.9999979734420776, 0.9999980926513672, 0.9999983310699463, 0.9999984502792358, 0.9999985694885254, 0.9999986886978149, 0.9999988079071045, 0.999998927116394, 0.9999990463256836, 0.9999991655349731, 0.9999992847442627, 0.9999994039535522, 0.9999995231628418, 0.9999996423721313, 0.9999997615814209, 0.9999998807907104, 1.0]}, "Master's Degree": {"precision": [1.0, 1.0, 1.0, 1.0, 1.0, 1.0, 1.0, 1.0, 1.0, 1.0, 1.0, 1.0, 1.0, 1.0, 1.0, 1.0, 1.0, 1.0, 1.0, 1.0, 1.0, 1.0, 1.0, 1.0, 1.0, 1.0, 1.0, 1.0, 1.0, 1.0, 1.0, 1.0, 1.0, 1.0], "recall": [1.0, 0.9714285714285714, 0.9428571428571428, 0.9142857142857143, 0.8857142857142857, 0.8571428571428571, 0.8285714285714286, 0.8, 0.7714285714285715, 0.7428571428571429, 0.7142857142857143, 0.6857142857142857, 0.6571428571428571, 0.6285714285714286, 0.5714285714285714, 0.5428571428571428, 0.5142857142857142, 0.4857142857142857, 0.45714285714285713, 0.42857142857142855, 0.4, 0.37142857142857144, 0.34285714285714286, 0.3142857142857143, 0.2857142857142857, 0.2571428571428571, 0.22857142857142856, 0.2, 0.17142857142857143, 0.14285714285714285, 0.11428571428571428, 0.05714285714285714, 0.02857142857142857, 0.0], "thresholds": [0.9980884194374084, 0.9998847246170044, 0.9998852014541626, 0.9999110698699951, 0.9999151229858398, 0.999924898147583, 0.9999310970306396, 0.9999340772628784, 0.9999415874481201, 0.9999641180038452, 0.999968409538269, 0.9999716281890869, 0.9999717473983765, 0.9999752044677734, 0.9999769926071167, 0.9999804496765137, 0.9999809265136719, 0.9999850988388062, 0.9999858140945435, 0.9999864101409912, 0.9999904632568359, 0.9999916553497314, 0.9999924898147583, 0.9999926090240479, 0.999994158744812, 0.9999942779541016, 0.9999953508377075, 0.9999955892562866, 0.9999957084655762, 0.9999961853027344, 0.9999982118606567, 0.9999992847442627, 0.9999995231628418]},