{
    "rf": {
        "cv_avg_scores": {
            "fit_time": 81.62374110221863,
            "score_time": 1.6581178903579712,
            "test_precision": 0.9194537837653416,
            "test_recall": 0.9481013449612485,
            "test_f1": 0.933540529882948,
            "test_AUC": 0.9839006650495772
        },
        "params": {
            "n_estimators": 1000,
            "max_depth": 50,
            "min_samples_split": 2,
            "min_samples_leaf": 2,
            "criterion": "entropy"
        }
    },
    "lr": {
        "cv_avg_scores": {
            "fit_time": 1.174163579940796,
            "score_time": 0.021886587142944336,
            "test_precision": 0.8796979622143913,
            "test_recall": 0.9291171088272538,
            "test_f1": 0.9037059255073059,
            "test_AUC": 0.9585045185041068
        },
        "params": {
            "penalty": "l2",
            "C": 52.459375936310465,
            "solver": "newton-cholesky",
            "max_iter": 100000
        }
    },
    "svm": {
        "cv_avg_scores": {
            "fit_time": 53.1188636302948,
            "score_time": 8.260086393356323,
            "test_precision": 0.9505049128863903,
            "test_recall": 0.9669099050741563,
            "test_f1": 0.9586067826770043,
            "test_AUC": 0.9828839845428554
        },
        "params": {
            "C": 13.233749802172008,
            "kernel": "rbf"
        }
    },
    "knn": {
        "cv_avg_scores": {
            "fit_time": 0.012034392356872559,
            "score_time": 6.782923340797424,
            "test_precision": 0.848064137509831,
            "test_recall": 0.9717876261354521,
            "test_f1": 0.9056600946958009,
            "test_AUC": 0.9731927738041646
        },
        "params": {
            "n_neighbors": 15
        }
    },
    "ada": {
        "cv_avg_scores": {
            "fit_time": 185.57237155437468,
            "score_time": 5.778239989280701,
            "test_precision": 0.872146356909177,
            "test_recall": 0.9134825646902941,
            "test_f1": 0.8923068914571418,
            "test_AUC": 0.9545112606700418
        },
        "params": {
            "n_estimators": 1000,
            "learning_rate": 0.3
        }
    },
    "et": {
        "cv_avg_scores": {
            "fit_time": 135.5121344089508,
            "score_time": 1.667478370666504,
            "test_precision": 0.9247929574959896,
            "test_recall": 0.9496884393019658,
            "test_f1": 0.9370560064901593,
            "test_AUC": 0.9856786482975398
        },
        "params": {
            "n_estimators": 1000,
            "max_depth": 48,
            "min_samples_split": 2,
            "min_samples_leaf": 2
        }
    },
    "xgb": {
        "cv_avg_scores": {
            "fit_time": 8.844887256622314,
            "score_time": 0.032593822479248045,
            "test_precision": 0.9519220984052502,
            "test_recall": 0.9299987012547399,
            "test_f1": 0.9408127770348788,
            "test_AUC": 0.9889623655396559
        },
        "params": {
            "n_estimators": 100,
            "learning_rate": 0.1915493525445189,
            "max_depth": 12,
            "min_child_weight": 2,
            "reg_alpha": 0.1,
            "reg_lambda": 0.02168709790481483,
            "gamma": 0.001,
            "tree_method": "gpu_hist",
            "gpu_id": 0,
            "scale_pos_weight": 0.5
        }
    }
}