{
    "rf": {
        "cv_avg_scores": {
            "fit_time": 2.754548525810242,
            "score_time": 0.11792948246002197,
            "test_precision": 0.9720969675586184,
            "test_recall": 0.9844843463200952,
            "test_f1": 0.978242894973828,
            "test_AUC": 0.9978244839835918
        },
        "params": {
            "n_estimators": 100,
            "max_depth": 50,
            "min_samples_split": 30,
            "min_samples_leaf": 2,
            "criterion": "entropy"
        }
    },
    "lr": {
        "cv_avg_scores": {
            "fit_time": 1.38193998336792,
            "score_time": 0.01189119815826416,
            "test_precision": 0.8522806033806184,
            "test_recall": 0.8872699131153237,
            "test_f1": 0.8694143203697171,
            "test_AUC": 0.9410431294473645
        },
        "params": {
            "penalty": "l2",
            "C": 95.77549554773165,
            "solver": "newton-cholesky",
            "max_iter": 100000
        }
    },
    "svm": {
        "cv_avg_scores": {
            "fit_time": 151.7778853416443,
            "score_time": 23.040281677246092,
            "test_precision": 0.7068872920883879,
            "test_recall": 0.7208773645971713,
            "test_f1": 0.7137730266575047,
            "test_AUC": 0.7879932500124657
        },
        "params": {
            "C": 99.84740891094607,
            "kernel": "rbf"
        }
    },
    "knn": {
        "cv_avg_scores": {
            "fit_time": 0.011687588691711426,
            "score_time": 4.440185332298279,
            "test_precision": 0.9567778976725787,
            "test_recall": 1.0,
            "test_f1": 0.9779062528634249,
            "test_AUC": 0.9894202345893166
        },
        "params": {
            "n_neighbors": 3
        }
    },
    "ada": {
        "cv_avg_scores": {
            "fit_time": 58.367322659492494,
            "score_time": 0.656361722946167,
            "test_precision": 0.8900973709129275,
            "test_recall": 0.8161512789532115,
            "test_f1": 0.8514966299400666,
            "test_AUC": 0.9357496843893024
        },
        "params": {
            "n_estimators": 500,
            "learning_rate": 0.02399523915459221
        }
    },
    "et": {
        "cv_avg_scores": {
            "fit_time": 43.11245176792145,
            "score_time": 1.0070815086364746,
            "test_precision": 0.9635835592118973,
            "test_recall": 0.9854245549897722,
            "test_f1": 0.9743758048526457,
            "test_AUC": 0.9966134908077274
        },
        "params": {
            "n_estimators": 1000,
            "max_depth": 42,
            "min_samples_split": 2,
            "min_samples_leaf": 2
        }
    },
    "xgb": {
        "cv_avg_scores": {
            "fit_time": 19.25966956615448,
            "score_time": 0.06384012699127198,
            "test_precision": 0.9916718670433287,
            "test_recall": 1.0,
            "test_f1": 0.9958169343017674,
            "test_AUC": 0.9996314855912223
        },
        "params": {
            "n_estimators": 500,
            "learning_rate": 0.18328231871661746,
            "max_depth": 22,
            "min_child_weight": 2,
            "reg_alpha": 0.05103712363179482,
            "reg_lambda": 0.0010000000000000013,
            "gamma": 0.001,
            "tree_method": "gpu_hist",
            "gpu_id": 0,
            "scale_pos_weight": 0.5
        }
    }
}