{
    "rf": {
        "cv_avg_scores": {
            "fit_time": 2.484263849258423,
            "score_time": 0.33346388339996336,
            "test_precision": 0.8769194599771133,
            "test_recall": 0.8741379310344828,
            "test_f1": 0.8749972478336975,
            "test_AUC": 0.9501721372673726
        },
        "params": {
            "n_estimators": 1000,
            "max_depth": 43,
            "min_samples_split": 2,
            "min_samples_leaf": 2,
            "criterion": "entropy"
        }
    },
    "lr": {
        "cv_avg_scores": {
            "fit_time": 0.0811934232711792,
            "score_time": 0.006423234939575195,
            "test_precision": 0.8210617870420014,
            "test_recall": 0.8487169206094627,
            "test_f1": 0.8336123994717257,
            "test_AUC": 0.9099391797017823
        },
        "params": {
            "penalty": "l2",
            "C": 4.8512191499890935,
            "solver": "newton-cholesky",
            "max_iter": 100000
        }
    },
    "svm": {
        "cv_avg_scores": {
            "fit_time": 0.05950770378112793,
            "score_time": 0.024930953979492188,
            "test_precision": 0.8851528399847896,
            "test_recall": 0.8972066292435177,
            "test_f1": 0.8905292061867515,
            "test_AUC": 0.9497731720881074
        },
        "params": {
            "C": 5.671212291973166,
            "kernel": "rbf"
        }
    },
    "knn": {
        "cv_avg_scores": {
            "fit_time": 0.001512908935546875,
            "score_time": 0.09172239303588867,
            "test_precision": 0.8313697102491021,
            "test_recall": 0.8799518845228548,
            "test_f1": 0.8546673545712696,
            "test_AUC": 0.9265866431927046
        },
        "params": {
            "n_neighbors": 10
        }
    },
    "ada": {
        "cv_avg_scores": {
            "fit_time": 1.0237028121948242,
            "score_time": 0.1176135778427124,
            "test_precision": 0.8011691048968868,
            "test_recall": 0.8071103982892275,
            "test_f1": 0.802805585827078,
            "test_AUC": 0.9035153333517684
        },
        "params": {
            "n_estimators": 500,
            "learning_rate": 0.07534594019305038
        }
    },
    "et": {
        "cv_avg_scores": {
            "fit_time": 2.0353974103927612,
            "score_time": 0.3336205244064331,
            "test_precision": 0.8770517237090045,
            "test_recall": 0.8891205560010693,
            "test_f1": 0.8825867335565301,
            "test_AUC": 0.9542296914894598
        },
        "params": {
            "n_estimators": 1000,
            "max_depth": 50,
            "min_samples_split": 2,
            "min_samples_leaf": 2
        }
    },
    "xgb": {
        "cv_avg_scores": {
            "fit_time": 21.356701707839967,
            "score_time": 0.00677180290222168,
            "test_precision": 0.9020071990046379,
            "test_recall": 0.8314220796578455,
            "test_f1": 0.8636731779356523,
            "test_AUC": 0.9432911017092362
        },
        "params": {
            "n_estimators": 100,
            "learning_rate": 0.3,
            "max_depth": 6,
            "min_child_weight": 2,
            "reg_alpha": 0.001,
            "reg_lambda": 0.001,
            "gamma": 0.001,
            "tree_method": "gpu_hist",
            "gpu_id": 0,
            "scale_pos_weight": 0.5
        }
    }
}