{
    "rf": {
        "cv_avg_scores": {
            "test_auc": 0.9704651613296418,
            "test_precision": 0.7847885574268553,
            "test_recall": 0.9671140939597316,
            "test_f1": 0.9671140939597316
        },
        "params": {
            "n_estimators": 1000,
            "max_depth": 50,
            "min_samples_split": 2,
            "min_samples_leaf": 2,
            "criterion": "entropy"
        }
    },
    "lr": {
        "cv_avg_scores": {
            "test_auc": 0.9321700491041112,
            "test_precision": 0.6031408284407055,
            "test_recall": 0.96331096196868,
            "test_f1": 0.96331096196868
        },
        "params": {
            "penalty": "l2",
            "C": 16.986458228556778,
            "solver": "newton-cholesky",
            "max_iter": 100000
        }
    },
    "et": {
        "cv_avg_scores": {
            "test_auc": 0.9690547240940989,
            "test_precision": 0.7883764903948755,
            "test_recall": 0.9691275167785235,
            "test_f1": 0.9691275167785235
        },
        "params": {
            "n_estimators": 100,
            "max_depth": 50,
            "min_samples_split": 2,
            "min_samples_leaf": 2
        }
    },
    "xgb": {
        "cv_avg_scores": {
            "test_auc": 0.9137560074178551,
            "test_precision": 0.5711535362632402,
            "test_recall": 0.9557046979865772,
            "test_f1": 0.9557046979865772
        },
        "params": {
            "n_estimators": 1000,
            "learning_rate": 0.3,
            "max_depth": 50,
            "min_child_weight": 2,
            "reg_alpha": 0.001,
            "reg_lambda": 0.1,
            "gamma": 0.001,
            "tree_method": "gpu_hist",
            "gpu_id": 0,
            "scale_pos_weight": 0.5
        }
    }
}