{
    "rf": {
        "cv_avg_scores": {
            "fit_time": 1.201561450958252,
            "score_time": 0.17037785053253174,
            "test_precision": 0.9014272655046298,
            "test_recall": 0.9076049184709969,
            "test_f1": 0.9041149953991912,
            "test_AUC": 0.9682456285890735
        },
        "params": {
            "n_estimators": 500,
            "max_depth": 48,
            "min_samples_split": 2,
            "min_samples_leaf": 2,
            "criterion": "entropy"
        }
    },
    "lr": {
        "cv_avg_scores": {
            "fit_time": 0.10852375030517578,
            "score_time": 0.0070083379745483395,
            "test_precision": 0.8338732691207642,
            "test_recall": 0.8637530072173216,
            "test_f1": 0.8469962445250709,
            "test_AUC": 0.9175383372200561
        },
        "params": {
            "penalty": "l2",
            "C": 40.21041002501787,
            "solver": "newton-cholesky",
            "max_iter": 100000
        }
    },
    "svm": {
        "cv_avg_scores": {
            "fit_time": 0.09726212024688721,
            "score_time": 0.043403005599975585,
            "test_precision": 0.7619259816407122,
            "test_recall": 0.5414595028067362,
            "test_f1": 0.6006427014901016,
            "test_AUC": 0.7599238939738898
        },
        "params": {
            "C": 6.904967393929473,
            "kernel": "rbf"
        }
    },
    "knn": {
        "cv_avg_scores": {
            "fit_time": 0.0013734102249145508,
            "score_time": 0.08633432388305665,
            "test_precision": 0.7764500850750564,
            "test_recall": 0.5773857257417803,
            "test_f1": 0.6613378940463047,
            "test_AUC": 0.7850059299406699
        },
        "params": {
            "n_neighbors": 100
        }
    },
    "ada": {
        "cv_avg_scores": {
            "fit_time": 1.0965959548950195,
            "score_time": 0.11249055862426757,
            "test_precision": 0.806698900649506,
            "test_recall": 0.7262763966853781,
            "test_f1": 0.7632273139720847,
            "test_AUC": 0.868045761935926
        },
        "params": {
            "n_estimators": 500,
            "learning_rate": 0.0027695005214920273
        }
    },
    "et": {
        "cv_avg_scores": {
            "fit_time": 2.015447974205017,
            "score_time": 0.3275874853134155,
            "test_precision": 0.8845484682956167,
            "test_recall": 0.8972199946538358,
            "test_f1": 0.8903125876172281,
            "test_AUC": 0.9604502146146923
        },
        "params": {
            "n_estimators": 1000,
            "max_depth": 40,
            "min_samples_split": 4,
            "min_samples_leaf": 2
        }
    },
    "xgb": {
        "cv_avg_scores": {
            "fit_time": 14.650305008888244,
            "score_time": 0.009174180030822755,
            "test_precision": 0.9241029073883567,
            "test_recall": 0.7493851911253675,
            "test_f1": 0.8271417746779222,
            "test_AUC": 0.9309544439221181
        },
        "params": {
            "n_estimators": 500,
            "learning_rate": 0.26727516084455355,
            "max_depth": 48,
            "min_child_weight": 9,
            "reg_alpha": 0.031164746947798028,
            "reg_lambda": 0.04337984610038749,
            "gamma": 4.371702929770062,
            "tree_method": "gpu_hist",
            "gpu_id": 0,
            "scale_pos_weight": 0.5
        }
    }
}