{
    "rf": {
        "cv_avg_scores": {
            "test_auc": 0.9588519084434692,
            "test_precision": 0.7419462083809855,
            "test_recall": 0.961744966442953,
            "test_f1": 0.961744966442953
        },
        "params": {
            "n_estimators": 1000,
            "max_depth": 22,
            "min_samples_split": 3,
            "min_samples_leaf": 2,
            "criterion": "entropy"
        }
    },
    "lr": {
        "cv_avg_scores": {
            "test_auc": 0.9077605608664612,
            "test_precision": 0.51995469910622,
            "test_recall": 0.9601789709172259,
            "test_f1": 0.9601789709172259
        },
        "params": {
            "penalty": "l2",
            "C": 24.427621412644463,
            "solver": "newton-cholesky",
            "max_iter": 100000
        }
    },
    "et": {
        "cv_avg_scores": {
            "test_auc": 0.9636056043114105,
            "test_precision": 0.7742448608297077,
            "test_recall": 0.9662192393736018,
            "test_f1": 0.9662192393736018
        },
        "params": {
            "n_estimators": 100,
            "max_depth": 39,
            "min_samples_split": 6,
            "min_samples_leaf": 2
        }
    },
    "xgb": {
        "cv_avg_scores": {
            "test_auc": 0.9098321405561649,
            "test_precision": 0.5414608511522412,
            "test_recall": 0.954586129753915,
            "test_f1": 0.954586129753915
        },
        "params": {
            "n_estimators": 100,
            "learning_rate": 0.3,
            "max_depth": 6,
            "min_child_weight": 2,
            "reg_alpha": 0.001,
            "reg_lambda": 0.001,
            "gamma": 0.001,
            "tree_method": "gpu_hist",
            "gpu_id": 0,
            "scale_pos_weight": 0.5
        }
    }
}