{
    "rf": {
        "cv_avg_scores": {
            "fit_time": 2.354971432685852,
            "score_time": 0.3319068908691406,
            "test_precision": 0.8626024316739022,
            "test_recall": 0.8683774391873831,
            "test_f1": 0.864950890825504,
            "test_AUC": 0.9427083237317456
        },
        "params": {
            "n_estimators": 1000,
            "max_depth": 50,
            "min_samples_split": 2,
            "min_samples_leaf": 2,
            "criterion": "entropy"
        }
    },
    "lr": {
        "cv_avg_scores": {
            "fit_time": 0.07836573123931885,
            "score_time": 0.007650327682495117,
            "test_precision": 0.8203611492650635,
            "test_recall": 0.8463913392141139,
            "test_f1": 0.8322151355916712,
            "test_AUC": 0.90517387323446
        },
        "params": {
            "penalty": "l2",
            "C": 11.84061528324948,
            "solver": "newton-cholesky",
            "max_iter": 100000
        }
    },
    "svm": {
        "cv_avg_scores": {
            "fit_time": 0.06268911361694336,
            "score_time": 0.027240276336669922,
            "test_precision": 0.8769788533400025,
            "test_recall": 0.8891740176423415,
            "test_f1": 0.8828529812103032,
            "test_AUC": 0.9419839031299639
        },
        "params": {
            "C": 16.28259185928754,
            "kernel": "rbf"
        }
    },
    "knn": {
        "cv_avg_scores": {
            "fit_time": 0.0009864330291748046,
            "score_time": 0.08384807109832763,
            "test_precision": 0.8110643768827854,
            "test_recall": 0.8753942796043839,
            "test_f1": 0.8410159098572997,
            "test_AUC": 0.9246063348972399
        },
        "params": {
            "n_neighbors": 11
        }
    },
    "ada": {
        "cv_avg_scores": {
            "fit_time": 0.22052154541015626,
            "score_time": 0.02651064395904541,
            "test_precision": 0.8172481233492983,
            "test_recall": 0.8152365677626303,
            "test_f1": 0.815070725097344,
            "test_AUC": 0.8949039380336563
        },
        "params": {
            "n_estimators": 100,
            "learning_rate": 0.26568375027267055
        }
    },
    "et": {
        "cv_avg_scores": {
            "fit_time": 0.9905025720596313,
            "score_time": 0.1786879301071167,
            "test_precision": 0.848809324449206,
            "test_recall": 0.878735632183908,
            "test_f1": 0.8630977026135904,
            "test_AUC": 0.9381961151207342
        },
        "params": {
            "n_estimators": 500,
            "max_depth": 29,
            "min_samples_split": 30,
            "min_samples_leaf": 2
        }
    },
    "xgb": {
        "cv_avg_scores": {
            "fit_time": 23.288204526901247,
            "score_time": 0.008257365226745606,
            "test_precision": 0.8984251086313291,
            "test_recall": 0.8475541299117884,
            "test_f1": 0.8716100378510273,
            "test_AUC": 0.9428862219518417
        },
        "params": {
            "n_estimators": 500,
            "learning_rate": 0.3,
            "max_depth": 50,
            "min_child_weight": 2,
            "reg_alpha": 0.1,
            "reg_lambda": 0.001,
            "gamma": 0.001,
            "tree_method": "gpu_hist",
            "gpu_id": 0,
            "scale_pos_weight": 0.5
        }
    }
}