{
    "rf": {
        "cv_avg_scores": {
            "fit_time": 30.589673781394957,
            "score_time": 1.0017627477645874,
            "test_precision": 0.9769049966729988,
            "test_recall": 0.33503074044373166,
            "test_f1": 0.49650037044925666,
            "test_AUC": 0.9552998540465886
        },
        "params": {
            "n_estimators": 1000,
            "max_depth": 39,
            "min_samples_split": 2,
            "min_samples_leaf": 2,
            "criterion": "entropy"
        }
    },
    "lr": {
        "cv_avg_scores": {
            "fit_time": 0.7319756507873535,
            "score_time": 0.008441019058227538,
            "test_precision": 0.6804538030564781,
            "test_recall": 0.25523924084469396,
            "test_f1": 0.36857821822623765,
            "test_AUC": 0.9095296803308269
        },
        "params": {
            "penalty": "l2",
            "C": 13.538865094528697,
            "solver": "newton-cholesky",
            "max_iter": 100000
        }
    },
    "svm": {
        "cv_avg_scores": {
            "fit_time": 15.984630942344666,
            "score_time": 0.9928054094314576,
            "test_precision": 0.8641619566493169,
            "test_recall": 0.5383720930232558,
            "test_f1": 0.6610198150101677,
            "test_AUC": 0.9395197265523569
        },
        "params": {
            "C": 5.626917673116538,
            "kernel": "rbf"
        }
    },
    "knn": {
        "cv_avg_scores": {
            "fit_time": 0.008798789978027344,
            "score_time": 1.2828144073486327,
            "test_precision": 0.8666664856882248,
            "test_recall": 0.24942528735632186,
            "test_f1": 0.37738854578524456,
            "test_AUC": 0.92254740829365
        },
        "params": {
            "n_neighbors": 47
        }
    },
    "ada": {
        "cv_avg_scores": {
            "fit_time": 174.73323731422425,
            "score_time": 0.9035583019256592,
            "test_precision": 0.728449700178829,
            "test_recall": 0.18596631916599843,
            "test_f1": 0.29281449264825943,
            "test_AUC": 0.9062788480890316
        },
        "params": {
            "n_estimators": 1000,
            "learning_rate": 0.08301109392409659
        }
    },
    "et": {
        "cv_avg_scores": {
            "fit_time": 6.076000642776489,
            "score_time": 0.15915248394012452,
            "test_precision": 0.979706995047365,
            "test_recall": 0.3824512162523389,
            "test_f1": 0.5473634425466949,
            "test_AUC": 0.9560233229626409
        },
        "params": {
            "n_estimators": 100,
            "max_depth": 38,
            "min_samples_split": 5,
            "min_samples_leaf": 2
        }
    },
    "xgb": {
        "cv_avg_scores": {
            "fit_time": 19.568811297416687,
            "score_time": 0.09154090881347657,
            "test_precision": 0.9875,
            "test_recall": 0.11785618818497727,
            "test_f1": 0.20891564007981067,
            "test_AUC": 0.9210751929868956
        },
        "params": {
            "n_estimators": 1000,
            "learning_rate": 0.3,
            "max_depth": 50,
            "min_child_weight": 2,
            "reg_alpha": 0.1,
            "reg_lambda": 0.001,
            "gamma": 0.001,
            "tree_method": "gpu_hist",
            "gpu_id": 0,
            "scale_pos_weight": 0.04843400447427293
        }
    }
}