{"required_experience": {"class_counts": [["Mid-Senior level", 379], ["Entry level", 297], ["Associate", 221], ["Not Applicable", 112], ["Director", 36], ["Internship", 32], ["Executive", 20]], "avg_precision": 1.0, "avg_recall": 1.0, "avg_f1": 1.0, "avg_accuracy": 1.0, "weighted_precision": 1.0, "weighted_recall": 1.0, "weighted_f1": 1.0, "weighted_accuracy": 1.0, "class_precision": [1.0, 1.0, 1.0, 1.0, 1.0, 1.0, 1.0], "class_recall": [1.0, 1.0, 1.0, 1.0, 1.0, 1.0, 1.0], "class_f1": [1.0, 1.0, 1.0, 1.0, 1.0, 1.0, 1.0], "class_accuracy": 1.0, "num_classes": 7, "num_applicable_rows": 1097, "confusion_matrix": [["Mid-Senior level", [["Mid-Senior level", 379]]], ["Entry level", [["Entry level", 297]]], ["Associate", [["Associate", 221]]], ["Not Applicable", [["Not Applicable", 112]]], ["Director", [["Director", 36]]], ["Internship", [["Internship", 32]]], ["Executive", [["Executive", 20]]]], "precision_recall_curves": {"Mid-Senior level": {"precision": [1.0, 1.0, 1.0, 1.0, 1.0, 1.0, 1.0, 1.0, 1.0, 1.0, 1.0, 1.0, 1.0, 1.0, 1.0, 1.0, 1.0], "recall": [1.0, 0.9973614775725593, 0.9947229551451188, 0.9920844327176781, 0.9894459102902374, 0.9868073878627969, 0.9841688654353562, 0.9815303430079155, 0.978891820580475, 0.9709762532981531, 0.9683377308707124, 0.9656992084432717, 0.9604221635883905, 0.9366754617414248, 0.9076517150395779, 0.7071240105540897, 0.0], "thresholds": [0.9999943971633911, 0.9999966621398926, 0.9999974966049194, 0.999997615814209, 0.9999979734420776, 0.9999982118606567, 0.9999988079071045, 0.999998927116394, 0.9999991655349731, 0.9999992847442627, 0.9999994039535522, 0.9999995231628418, 0.9999996423721313, 0.9999997615814209, 0.9999998807907104, 1.0]}, "Entry level": {"precision": [1.0, 1.0, 1.0, 1.0, 1.0, 1.0, 1.0, 1.0, 1.0, 1.0, 1.0, 1.0, 1.0, 1.0, 1.0, 1.0, 1.0, 1.0, 1.0, 1.0, 1.0, 1.0, 1.0, 1.0], "recall": [1.0, 0.9966329966329966, 0.9932659932659933, 0.98989898989899, 0.9865319865319865, 0.9831649831649831, 0.9764309764309764, 0.9730639730639731, 0.9663299663299664, 0.9629629629629629, 0.9595959595959596, 0.9494949494949495, 0.9393939393939394, 0.936026936026936, 0.9326599326599326, 0.9191919191919192, 0.9090909090909091, 0.9057239057239057, 0.8922558922558923, 0.8754208754208754, 0.8552188552188552, 0.8215488215488216, 0.734006734006734, 0.0], "thresholds": [0.9999703168869019, 0.999987006187439, 0.999988317489624, 0.9999932050704956, 0.9999939203262329, 0.9999954700469971, 0.9999964237213135, 0.9999970197677612, 0.9999979734420776, 0.9999982118606567, 0.9999984502792358, 0.9999985694885254, 0.9999986886978149, 0.999998927116394, 0.9999990463256836, 0.9999991655349731, 0.9999992847442627, 0.9999994039535522, 0.9999995231628418, 0.9999996423721313, 0.9999997615814209, 0.9999998807907104, 1.0]}, "Associate": {"precision": [1.0, 1.0, 1.0, 1.0, 1.0, 1.0, 1.0, 1.0, 1.0, 1.0, 1.0], "recall": [1.0, 0.9909502262443439, 0.9864253393665159, 0.9819004524886877, 0.9638009049773756, 0.9411764705882353, 0.918552036199095, 0.9049773755656109, 0.8687782805429864, 0.7873303167420814, 0.0], "thresholds": [0.999998927116394, 0.9999990463256836, 0.9999991655349731, 0.9999992847442627, 0.9999994039535522, 0.9999995231628418, 0.9999996423721313, 0.9999997615814209, 0.9999998807907104, 1.0]}, "Not Applicable": {"precision": [1.0, 1.0, 1.0, 1.0, 1.0, 1.0, 1.0, 1.0, 1.0, 1.0, 1.0, 1.0, 1.0], "recall": [1.0, 0.9910714285714286, 0.9821428571428571, 0.9732142857142857, 0.9642857142857143, 0.9553571428571429, 0.9285714285714286, 0.9196428571428571, 0.8928571428571429, 0.8660714285714286, 0.8303571428571429, 0.7053571428571429, 0.0], "thresholds": [0.9999938011169434, 0.9999946355819702, 0.9999960660934448, 0.9999986886978149, 0.9999988079071045, 0.9999990463256836, 0.9999992847442627, 0.9999995231628418, 0.9999996423721313, 0.9999997615814209, 0.9999998807907104, 1.0]}, "Director": {"precision": [1.0, 1.0, 1.0, 1.0, 1.0, 1.0, 1.0, 1.0, 1.0, 1.0, 1.0, 1.0, 1.0, 1.0, 1.0, 1.0, 1.0, 1.0], "recall": [1.0, 0.9722222222222222, 0.9444444444444444, 0.9166666666666666, 0.8888888888888888, 0.8611111111111112, 0.8333333333333334, 0.8055555555555556, 0.7777777777777778, 0.75, 0.6944444444444444, 0.6666666666666666, 0.6388888888888888, 0.5833333333333334, 0.5277777777777778, 0.3888888888888889, 0.2222222222222222, 0.0], "thresholds": [0.9999054670333862, 0.9999619722366333, 0.9999939203262329, 0.9999970197677612, 0.9999974966049194, 0.9999982118606567, 0.9999986886978149, 0.9999988079071045, 0.9999990463256836, 0.9999991655349731, 0.9999992847442627, 0.9999994039535522, 0.9999995231628418, 0.9999996423721313, 0.9999997615814209, 0.9999998807907104, 1.0]}, "Internship": {"precision": [1.0, 1.0, 1.0, 1.0, 1.0, 1.0, 1.0, 1.0, 1.0, 1.0, 1.0, 1.0, 1.0, 1.0, 1.0, 1.0, 1.0], "recall": [1.0, 0.96875, 0.9375, 0.90625, 0.875, 0.84375, 0.8125, 0.78125, 0.75, 0.71875, 0.6875, 0.65625, 0.625, 0.59375, 0.53125, 0.4375, 0.0], "thresholds": [0.9996758699417114, 0.9998519420623779, 0.9999827146530151, 0.999993085861206, 0.999994158744812, 0.9999977350234985, 0.999998927116394, 0.9999990463256836, 0.9999991655349731, 0.9999992847442627, 0.9999994039535522, 0.9999995231628418, 0.9999996423721313, 0.9999997615814209, 0.9999998807907104, 1.0]}, "Executive": {"precision": [1.0, 1.0, 1.0, 1.0, 1.0, 1.0, 1.0, 1.0, 1.0, 1.0, 1.0, 1.0, 1.0, 1.0], "recall": [1.0, 0.95, 0.9, 0.85, 0.8, 0.75, 0.65, 0.6, 0.45, 0.4, 0.3, 0.2, 0.15, 0.0], "thresholds": [0.9999690055847168, 0.9999827146530151, 0.9999905824661255, 0.9999918937683105, 0.9999967813491821, 0.999998927116394, 0.9999991655349731, 0.9999994039535522, 0.9999995231628418, 0.9999996423721313, 0.9999997615814209, 0.9999998807907104, 1.0]}}}}