{"required_education": {"class_counts": [["Bachelor's Degree", 549], ["High School or equivalent", 215], ["Unspecified", 129], ["Master's Degree", 35], ["Associate Degree", 32], ["Certification", 22], ["Professional", 11], ["Some College Coursework Completed", 8], ["Vocational", 5], ["Doctorate", 3], ["Vocational - HS Diploma", 2], ["Vocational - Degree", 1], ["Some High School Coursework", 1]], "avg_precision": 0.901098901098901, "avg_recall": 0.8846153846153846, "avg_f1": 0.8846153846153846, "avg_accuracy": 0.998025666337611, "weighted_precision": 0.9976025948385276, "weighted_recall": 0.998025666337611, "weighted_f1": 0.9975320829220138, "weighted_accuracy": 0.998025666337611, "class_precision": [1.0, 1.0, 1.0, 1.0, 1.0, 1.0, 1.0, 1.0, 0.7142857142857143, 1.0, 1.0, 0.0, 1.0], "class_recall": [1.0, 1.0, 1.0, 1.0, 1.0, 1.0, 1.0, 1.0, 1.0, 1.0, 0.5, 0.0, 1.0], "class_f1": [1.0, 1.0, 1.0, 1.0, 1.0, 1.0, 1.0, 1.0, 0.8333333333333333, 1.0, 0.6666666666666666, 0.0, 1.0], "class_accuracy": 0.998025666337611, "num_classes": 13, "num_applicable_rows": 1013, "confusion_matrix": [["Bachelor's Degree", [["Bachelor's Degree", 549]]], ["High School or equivalent", [["High School or equivalent", 215]]], ["Unspecified", [["Unspecified", 129]]], ["Master's Degree", [["Master's Degree", 35]]], ["Associate Degree", [["Associate Degree", 32]]], ["Certification", [["Certification", 22]]], ["Professional", [["Professional", 11]]], ["Some College Coursework Completed", [["Some College Coursework Completed", 8]]], ["Vocational", [["Vocational", 5]]], ["Doctorate", [["Doctorate", 3]]], ["Vocational - HS Diploma", [["Vocational", 1], ["Vocational - HS Diploma", 1]]], ["Vocational - Degree", [["Vocational", 1]]], ["Some High School Coursework", [["Some High School Coursework", 1]]]], "precision_recall_curves": {"Bachelor's Degree": {"precision": [1.0, 1.0, 1.0, 1.0, 1.0, 1.0, 1.0, 1.0, 1.0, 1.0, 1.0, 1.0, 1.0, 1.0, 1.0, 1.0, 1.0, 1.0, 1.0, 1.0, 1.0, 1.0, 1.0, 1.0, 1.0, 1.0, 1.0, 1.0, 1.0, 1.0, 1.0, 1.0, 1.0, 1.0, 1.0, 1.0, 1.0, 1.0, 1.0, 1.0, 1.0, 1.0, 1.0, 1.0, 1.0, 1.0, 1.0, 1.0, 1.0, 1.0, 1.0, 1.0, 1.0, 1.0, 1.0, 1.0, 1.0, 1.0, 1.0, 1.0, 1.0, 1.0, 1.0, 1.0, 1.0, 1.0], "recall": [1.0, 0.9981785063752276, 0.9963570127504554, 0.994535519125683, 0.9927140255009107, 0.9908925318761385, 0.9872495446265938, 0.9854280510018215, 0.9836065573770492, 0.9817850637522769, 0.9799635701275046, 0.97632058287796, 0.9744990892531876, 0.9726775956284153, 0.970856102003643, 0.9672131147540983, 0.9653916211293261, 0.9635701275045537, 0.9617486338797814, 0.9599271402550091, 0.9581056466302368, 0.9562841530054644, 0.9544626593806922, 0.9526411657559198, 0.9508196721311475, 0.9489981785063752, 0.9471766848816029, 0.9435336976320583, 0.941712204007286, 0.9398907103825137, 0.9380692167577414, 0.930783242258652, 0.9234972677595629, 0.9180327868852459, 0.912568306010929, 0.8998178506375227, 0.8943533697632058, 0.8870673952641166, 0.8834244080145719, 0.8761384335154827, 0.8724954462659381, 0.8652094717668488, 0.8633879781420765, 0.8579234972677595, 0.8542805100182149, 0.8469945355191257, 0.8378870673952641, 0.8287795992714025, 0.819672131147541, 0.8087431693989071, 0.7887067395264117, 0.7814207650273224, 0.761384335154827, 0.7431693989071039, 0.7176684881602914, 0.6867030965391621, 0.6612021857923497, 0.6375227686703097, 0.6010928961748634, 0.5610200364298725, 0.5209471766848816, 0.47540983606557374, 0.34972677595628415, 0.2641165755919854, 0.1766848816029144, 0.0], "thresholds": [0.9990819692611694, 0.9999078512191772, 0.9999597072601318, 0.9999815225601196, 0.9999823570251465, 0.9999889135360718, 0.9999890327453613, 0.9999896287918091, 0.9999898672103882, 0.9999908208847046, 0.9999910593032837, 0.9999916553497314, 0.999991774559021, 0.9999918937683105, 0.9999921321868896, 0.9999932050704956, 0.9999934434890747, 0.9999935626983643, 0.9999936819076538, 0.9999940395355225, 0.999994158744812, 0.9999942779541016, 0.9999943971633911, 0.9999945163726807, 0.9999948740005493, 0.9999949932098389, 0.9999951124191284, 0.999995231628418, 0.9999954700469971, 0.9999955892562866, 0.9999957084655762, 0.9999958276748657, 0.9999959468841553, 0.9999960660934448, 0.9999961853027344, 0.9999964237213135, 0.999996542930603, 0.9999966621398926, 0.9999967813491821, 0.9999969005584717, 0.9999970197677612, 0.9999971389770508, 0.9999972581863403, 0.9999973773956299, 0.9999974966049194, 0.999997615814209, 0.9999977350234985, 0.9999979734420776, 0.9999980926513672, 0.9999982118606567, 0.9999983310699463, 0.9999984502792358, 0.9999985694885254, 0.9999986886978149, 0.9999988079071045, 0.999998927116394, 0.9999990463256836, 0.9999991655349731, 0.9999992847442627, 0.9999994039535522, 0.9999995231628418, 0.9999996423721313, 0.9999997615814209, 0.9999998807907104, 1.0]}, "High School or equivalent": {"precision": [1.0, 1.0, 1.0, 1.0, 1.0, 1.0, 1.0, 1.0, 1.0, 1.0, 1.0, 1.0, 1.0, 1.0, 1.0, 1.0, 1.0, 1.0, 1.0, 1.0, 1.0, 1.0, 1.0, 1.0, 1.0, 1.0, 1.0], "recall": [1.0, 0.9953488372093023, 0.9906976744186047, 0.986046511627907, 0.9813953488372092, 0.9767441860465116, 0.9674418604651163, 0.9627906976744186, 0.958139534883721, 0.9534883720930233, 0.9441860465116279, 0.9395348837209302, 0.9348837209302325, 0.9302325581395349, 0.9255813953488372, 0.9162790697674419, 0.9116279069767442, 0.8976744186046511, 0.8790697674418605, 0.8744186046511628, 0.8558139534883721, 0.8186046511627907, 0.7813953488372093, 0.7581395348837209, 0.641860465116279, 0.3953488372093023, 0.0], "thresholds": [0.999922513961792, 0.9999884366989136, 0.999991774559021, 0.9999945163726807, 0.9999958276748657, 0.9999959468841553, 0.9999961853027344, 0.9999967813491821, 0.9999969005584717, 0.9999970197677612, 0.9999972581863403, 0.9999980926513672, 0.9999982118606567, 0.9999985694885254, 0.9999986886978149, 0.9999988079071045, 0.999998927116394, 0.9999990463256836, 0.9999991655349731, 0.9999992847442627, 0.9999994039535522, 0.9999995231628418, 0.9999996423721313, 0.9999997615814209, 0.9999998807907104, 1.0]}, "Unspecified": {"precision": [1.0, 1.0, 1.0, 1.0, 1.0, 1.0, 1.0, 1.0, 1.0, 1.0, 1.0, 1.0, 1.0, 1.0, 1.0, 1.0, 1.0, 1.0, 1.0, 1.0, 1.0, 1.0, 1.0, 1.0, 1.0, 1.0, 1.0, 1.0, 1.0, 1.0, 1.0, 1.0, 1.0, 1.0, 1.0, 1.0, 1.0, 1.0, 1.0, 1.0, 1.0, 1.0, 1.0, 1.0, 1.0, 1.0, 1.0, 1.0, 1.0, 1.0, 1.0], "recall": [1.0, 0.9922480620155039, 0.9844961240310077, 0.9767441860465116, 0.9689922480620154, 0.9612403100775194, 0.9534883720930233, 0.9457364341085271, 0.937984496124031, 0.9302325581395349, 0.9224806201550387, 0.9147286821705426, 0.9069767441860465, 0.8992248062015504, 0.8914728682170543, 0.8837209302325582, 0.875968992248062, 0.8682170542635659, 0.8604651162790697, 0.8527131782945736, 0.8372093023255814, 0.8294573643410853, 0.8217054263565892, 0.8062015503875969, 0.7906976744186046, 0.7829457364341085, 0.7751937984496124, 0.7674418604651163, 0.751937984496124, 0.7441860465116279, 0.7286821705426356, 0.689922480620155, 0.6821705426356589, 0.6511627906976745, 0.5891472868217055, 0.5658914728682171, 0.5581395348837209, 0.5348837209302325, 0.5116279069767442, 0.49612403100775193, 0.4806201550387597, 0.4418604651162791, 0.4186046511627907, 0.37209302325581395, 0.34108527131782945, 0.32558139534883723, 0.24031007751937986, 0.20930232558139536, 0.11627906976744186, 0.06976744186046512, 0.0],