{
    "rf": {
        "cv_avg_scores": {
            "test_auc": 0.9723049330477633,
            "test_precision": 0.7753242751572595,
            "test_recall": 0.9657718120805369,
            "test_f1": 0.9657718120805369
        },
        "params": {
            "n_estimators": 1000,
            "max_depth": 50,
            "min_samples_split": 15,
            "min_samples_leaf": 2,
            "criterion": "entropy"
        }
    },
    "lr": {
        "cv_avg_scores": {
            "test_auc": 0.9234380713576765,
            "test_precision": 0.5764121798022809,
            "test_recall": 0.9606263982102908,
            "test_f1": 0.9606263982102908
        },
        "params": {
            "penalty": "l2",
            "C": 96.69056453591755,
            "solver": "newton-cholesky",
            "max_iter": 100000
        }
    },
    "et": {
        "cv_avg_scores": {
            "test_auc": 0.972315816051124,
            "test_precision": 0.7881029799142601,
            "test_recall": 0.9693512304250559,
            "test_f1": 0.9693512304250559
        },
        "params": {
            "n_estimators": 100,
            "max_depth": 43,
            "min_samples_split": 13,
            "min_samples_leaf": 2
        }
    },
    "xgb": {
        "cv_avg_scores": {
            "test_auc": 0.9230337677828275,
            "test_precision": 0.6176413503578896,
            "test_recall": 0.9563758389261745,
            "test_f1": 0.9563758389261745
        },
        "params": {
            "n_estimators": 1000,
            "learning_rate": 0.21626061529599303,
            "max_depth": 50,
            "min_child_weight": 2,
            "reg_alpha": 0.001,
            "reg_lambda": 0.1,
            "gamma": 0.001,
            "tree_method": "gpu_hist",
            "gpu_id": 0,
            "scale_pos_weight": 0.5
        }
    }
}