{
    "rf": {
        "cv_avg_scores": {
            "fit_time": 2.3425317287445067,
            "score_time": 0.3280996322631836,
            "test_precision": 0.8672173683302302,
            "test_recall": 0.8729350441058541,
            "test_f1": 0.8698852118918399,
            "test_AUC": 0.948065318450104
        },
        "params": {
            "n_estimators": 1000,
            "max_depth": 36,
            "min_samples_split": 2,
            "min_samples_leaf": 2,
            "criterion": "entropy"
        }
    },
    "lr": {
        "cv_avg_scores": {
            "fit_time": 0.0649299144744873,
            "score_time": 0.006174468994140625,
            "test_precision": 0.8124645270429077,
            "test_recall": 0.8441192194600374,
            "test_f1": 0.8273694259037618,
            "test_AUC": 0.9123070080837689
        },
        "params": {
            "penalty": "l2",
            "C": 6.202797397949956,
            "solver": "newton-cholesky",
            "max_iter": 100000
        }
    },
    "svm": {
        "cv_avg_scores": {
            "fit_time": 0.05796303749084473,
            "score_time": 0.027657294273376466,
            "test_precision": 0.8814223313611796,
            "test_recall": 0.8867949746057204,
            "test_f1": 0.8836291696357079,
            "test_AUC": 0.9477371745829839
        },
        "params": {
            "C": 2.5328334196271767,
            "kernel": "rbf"
        }
    },
    "knn": {
        "cv_avg_scores": {
            "fit_time": 0.0011515140533447266,
            "score_time": 0.07888917922973633,
            "test_precision": 0.8398660713888091,
            "test_recall": 0.8776797647687784,
            "test_f1": 0.857693179809776,
            "test_AUC": 0.9326828833645194
        },
        "params": {
            "n_neighbors": 10
        }
    },
    "ada": {
        "cv_avg_scores": {
            "fit_time": 1.0347896337509155,
            "score_time": 0.11136677265167236,
            "test_precision": 0.8014467671630922,
            "test_recall": 0.8082330927559477,
            "test_f1": 0.8034710570368958,
            "test_AUC": 0.901242445470662
        },
        "params": {
            "n_estimators": 500,
            "learning_rate": 0.08621592656225247
        }
    },
    "et": {
        "cv_avg_scores": {
            "fit_time": 1.9685966730117799,
            "score_time": 0.3264900207519531,
            "test_precision": 0.8810526598998581,
            "test_recall": 0.8868217054263565,
            "test_f1": 0.8837137356526105,
            "test_AUC": 0.9525792169405808
        },
        "params": {
            "n_estimators": 1000,
            "max_depth": 50,
            "min_samples_split": 24,
            "min_samples_leaf": 2
        }
    },
    "xgb": {
        "cv_avg_scores": {
            "fit_time": 14.024260568618775,
            "score_time": 0.005494403839111328,
            "test_precision": 0.8981658951812136,
            "test_recall": 0.8383720930232558,
            "test_f1": 0.8658431950093689,
            "test_AUC": 0.9420742348686657
        },
        "params": {
            "n_estimators": 100,
            "learning_rate": 0.3,
            "max_depth": 6,
            "min_child_weight": 2,
            "reg_alpha": 0.1,
            "reg_lambda": 0.1,
            "gamma": 0.001,
            "tree_method": "gpu_hist",
            "gpu_id": 0,
            "scale_pos_weight": 0.5
        }
    }
}