{
    "rf": {
        "cv_avg_scores": {
            "test_auc": 0.9524989552316774,
            "test_precision": 0.6972982964298403,
            "test_recall": 0.9548098434004474,
            "test_f1": 0.9548098434004474
        },
        "params": {
            "n_estimators": 1000,
            "max_depth": 15,
            "min_samples_split": 2,
            "min_samples_leaf": 2,
            "criterion": "entropy"
        }
    },
    "lr": {
        "cv_avg_scores": {
            "test_auc": 0.9027723362760973,
            "test_precision": 0.4833428442642387,
            "test_recall": 0.9583892617449664,
            "test_f1": 0.9583892617449664
        },
        "params": {
            "penalty": "l2",
            "C": 26.470387802995702,
            "solver": "newton-cholesky",
            "max_iter": 100000
        }
    },
    "et": {
        "cv_avg_scores": {
            "test_auc": 0.9684447317557332,
            "test_precision": 0.7801724401525586,
            "test_recall": 0.9671140939597316,
            "test_f1": 0.9671140939597316
        },
        "params": {
            "n_estimators": 1000,
            "max_depth": 50,
            "min_samples_split": 2,
            "min_samples_leaf": 2
        }
    },
    "xgb": {
        "cv_avg_scores": {
            "test_auc": 0.9193057949816296,
            "test_precision": 0.5656289518239671,
            "test_recall": 0.9523489932885906,
            "test_f1": 0.9523489932885906
        },
        "params": {
            "n_estimators": 100,
            "learning_rate": 0.3,
            "max_depth": 50,
            "min_child_weight": 2,
            "reg_alpha": 0.1,
            "reg_lambda": 0.001,
            "gamma": 0.001,
            "tree_method": "gpu_hist",
            "gpu_id": 0,
            "scale_pos_weight": 0.5
        }
    }
}