{
    "rf": {
        "cv_avg_scores": {
            "test_auc": 0.9593253190896585,
            "test_precision": 0.747711641478919,
            "test_recall": 0.962192393736018,
            "test_f1": 0.962192393736018
        },
        "params": {
            "n_estimators": 500,
            "max_depth": 30,
            "min_samples_split": 11,
            "min_samples_leaf": 2,
            "criterion": "entropy"
        }
    },
    "lr": {
        "cv_avg_scores": {
            "test_auc": 0.9132401530585592,
            "test_precision": 0.5242763012897592,
            "test_recall": 0.9592841163310962,
            "test_f1": 0.9592841163310962
        },
        "params": {
            "penalty": "l2",
            "C": 4.582109295771204,
            "solver": "newton-cholesky",
            "max_iter": 100000
        }
    },
    "et": {
        "cv_avg_scores": {
            "test_auc": 0.9636175756151073,
            "test_precision": 0.7818380108300121,
            "test_recall": 0.9668903803131991,
            "test_f1": 0.9668903803131991
        },
        "params": {
            "n_estimators": 500,
            "max_depth": 49,
            "min_samples_split": 3,
            "min_samples_leaf": 2
        }
    },
    "xgb": {
        "cv_avg_scores": {
            "test_auc": 0.9062630596040329,
            "test_precision": 0.5297110096663575,
            "test_recall": 0.9539149888143177,
            "test_f1": 0.9539149888143177
        },
        "params": {
            "n_estimators": 1000,
            "learning_rate": 0.3,
            "max_depth": 6,
            "min_child_weight": 2,
            "reg_alpha": 0.1,
            "reg_lambda": 0.1,
            "gamma": 0.001,
            "tree_method": "gpu_hist",
            "gpu_id": 0,
            "scale_pos_weight": 0.5
        }
    }
}