{
    "rf": {
        "cv_avg_scores": {
            "test_auc": 0.9733986748855109,
            "test_precision": 0.7879422210587799,
            "test_recall": 0.9671140939597316,
            "test_f1": 0.9671140939597316
        },
        "params": {
            "n_estimators": 1000,
            "max_depth": 50,
            "min_samples_split": 2,
            "min_samples_leaf": 2,
            "criterion": "entropy"
        }
    },
    "lr": {
        "cv_avg_scores": {
            "test_auc": 0.9298231294293824,
            "test_precision": 0.591775244938376,
            "test_recall": 0.9619686800894854,
            "test_f1": 0.9619686800894854
        },
        "params": {
            "penalty": "l2",
            "C": 3.450829723806771,
            "solver": "newton-cholesky",
            "max_iter": 100000
        }
    },
    "et": {
        "cv_avg_scores": {
            "test_auc": 0.9709108203172613,
            "test_precision": 0.7658882259567608,
            "test_recall": 0.9642058165548099,
            "test_f1": 0.9642058165548099
        },
        "params": {
            "n_estimators": 100,
            "max_depth": 39,
            "min_samples_split": 30,
            "min_samples_leaf": 2
        }
    },
    "xgb": {
        "cv_avg_scores": {
            "test_auc": 0.9227284995385607,
            "test_precision": 0.5913389136756015,
            "test_recall": 0.9536912751677852,
            "test_f1": 0.9536912751677852
        },
        "params": {
            "n_estimators": 1000,
            "learning_rate": 0.1583683610700376,
            "max_depth": 6,
            "min_child_weight": 2,
            "reg_alpha": 0.1,
            "reg_lambda": 0.1,
            "gamma": 0.001,
            "tree_method": "gpu_hist",
            "gpu_id": 0,
            "scale_pos_weight": 0.5
        }
    }
}