{
    "rf": {
        "cv_avg_scores": {
            "fit_time": 2.3779178857803345,
            "score_time": 0.32702054977416994,
            "test_precision": 0.9056658865124856,
            "test_recall": 0.9018176958032612,
            "test_f1": 0.9033706796018984,
            "test_AUC": 0.966973763853171
        },
        "params": {
            "n_estimators": 1000,
            "max_depth": 39,
            "min_samples_split": 5,
            "min_samples_leaf": 2,
            "criterion": "entropy"
        }
    },
    "lr": {
        "cv_avg_scores": {
            "fit_time": 0.10175719261169433,
            "score_time": 0.007205390930175781,
            "test_precision": 0.847793927488763,
            "test_recall": 0.8660785886126703,
            "test_f1": 0.8558245187197882,
            "test_AUC": 0.9255012028869285
        },
        "params": {
            "penalty": "l2",
            "C": 13.90927624497401,
            "solver": "newton-cholesky",
            "max_iter": 100000
        }
    },
    "svm": {
        "cv_avg_scores": {
            "fit_time": 0.10799112319946289,
            "score_time": 0.043445706367492676,
            "test_precision": 0.6892745640039947,
            "test_recall": 0.6720529270248596,
            "test_f1": 0.6705634602667948,
            "test_AUC": 0.7673529113550683
        },
        "params": {
            "C": 39.740897291056584,
            "kernel": "rbf"
        }
    },
    "knn": {
        "cv_avg_scores": {
            "fit_time": 0.000956869125366211,
            "score_time": 0.04231076240539551,
            "test_precision": 0.7764500850750564,
            "test_recall": 0.5773857257417803,
            "test_f1": 0.6613378940463047,
            "test_AUC": 0.7849791991200337
        },
        "params": {
            "n_neighbors": 100
        }
    },
    "ada": {
        "cv_avg_scores": {
            "fit_time": 0.22380776405334474,
            "score_time": 0.02460601329803467,
            "test_precision": 0.8875794434328339,
            "test_recall": 0.8244186046511628,
            "test_f1": 0.8538411939006298,
            "test_AUC": 0.9376178690927193
        },
        "params": {
            "n_estimators": 100,
            "learning_rate": 0.17768339693933677
        }
    },
    "et": {
        "cv_avg_scores": {
            "fit_time": 1.0077678203582763,
            "score_time": 0.1696007251739502,
            "test_precision": 0.8998659288844534,
            "test_recall": 0.9006682705159049,
            "test_f1": 0.8997827395376682,
            "test_AUC": 0.9646741451514285
        },
        "params": {
            "n_estimators": 500,
            "max_depth": 50,
            "min_samples_split": 2,
            "min_samples_leaf": 2
        }
    },
    "xgb": {
        "cv_avg_scores": {
            "fit_time": 17.3832927942276,
            "score_time": 0.006484365463256836,
            "test_precision": 0.9349181616815457,
            "test_recall": 0.7550922213311948,
            "test_f1": 0.8346309545388646,
            "test_AUC": 0.9384573551235608
        },
        "params": {
            "n_estimators": 1000,
            "learning_rate": 0.22445508938182268,
            "max_depth": 50,
            "min_child_weight": 10,
            "reg_alpha": 0.010140890456025585,
            "reg_lambda": 0.05902436030101711,
            "gamma": 3.4404839594868326,
            "tree_method": "gpu_hist",
            "gpu_id": 0,
            "scale_pos_weight": 0.5
        }
    }
}