{
    "rf": {
        "cv_avg_scores": {
            "fit_time": 29.280357313156127,
            "score_time": 0.9577197551727294,
            "test_precision": 0.9390511317324737,
            "test_recall": 0.9626786897318297,
            "test_f1": 0.9506943817778535,
            "test_AUC": 0.9896602343374206
        },
        "params": {
            "n_estimators": 1000,
            "max_depth": 50,
            "min_samples_split": 30,
            "min_samples_leaf": 2,
            "criterion": "entropy"
        }
    },
    "lr": {
        "cv_avg_scores": {
            "fit_time": 0.9270502805709839,
            "score_time": 0.010734081268310547,
            "test_precision": 0.8316663033173173,
            "test_recall": 0.8868584595637735,
            "test_f1": 0.8583592822031789,
            "test_AUC": 0.9293932757644072
        },
        "params": {
            "penalty": "l2",
            "C": 100.0,
            "solver": "newton-cholesky",
            "max_iter": 100000
        }
    },
    "svm": {
        "cv_avg_scores": {
            "fit_time": 53.99010434150696,
            "score_time": 2.980810594558716,
            "test_precision": 0.9625743188357406,
            "test_recall": 0.9866584666101573,
            "test_f1": 0.9744619139105539,
            "test_AUC": 0.988194937764316
        },
        "params": {
            "C": 26.501264598284738,
            "kernel": "rbf"
        }
    },
    "knn": {
        "cv_avg_scores": {
            "fit_time": 0.011703252792358398,
            "score_time": 5.292806482315063,
            "test_precision": 0.9007310323704184,
            "test_recall": 0.983366838197756,
            "test_f1": 0.9401953522511244,
            "test_AUC": 0.9866677534644233
        },
        "params": {
            "n_neighbors": 16
        }
    },
    "ada": {
        "cv_avg_scores": {
            "fit_time": 114.12453765869141,
            "score_time": 1.2553208112716674,
            "test_precision": 0.8190363185110296,
            "test_recall": 0.8609970564076844,
            "test_f1": 0.8394397412526029,
            "test_AUC": 0.9184022552459561
        },
        "params": {
            "n_estimators": 1000,
            "learning_rate": 0.3
        }
    },
    "et": {
        "cv_avg_scores": {
            "fit_time": 4.4729053497314455,
            "score_time": 0.10045425891876221,
            "test_precision": 0.9504541163217229,
            "test_recall": 0.9656178953280403,
            "test_f1": 0.9579541734138892,
            "test_AUC": 0.9922202719417059
        },
        "params": {
            "n_estimators": 100,
            "max_depth": 50,
            "min_samples_split": 2,
            "min_samples_leaf": 2
        }
    },
    "xgb": {
        "cv_avg_scores": {
            "fit_time": 35.187350964546205,
            "score_time": 0.14812986850738524,
            "test_precision": 0.968290224703107,
            "test_recall": 0.9702015680276549,
            "test_f1": 0.9692361800966806,
            "test_AUC": 0.995281699291915
        },
        "params": {
            "n_estimators": 1000,
            "learning_rate": 0.1538246923658301,
            "max_depth": 50,
            "min_child_weight": 2,
            "reg_alpha": 0.001,
            "reg_lambda": 0.1,
            "gamma": 0.001,
            "tree_method": "gpu_hist",
            "gpu_id": 0,
            "scale_pos_weight": 0.5
        }
    }
}