{
    "rf": {
        "cv_avg_scores": {
            "fit_time": 7.594415307044983,
            "score_time": 0.1740699291229248,
            "test_precision": 0.9308855068794181,
            "test_recall": 0.9522153278191926,
            "test_f1": 0.9414111051531853,
            "test_AUC": 0.9869723410235952
        },
        "params": {
            "n_estimators": 100,
            "max_depth": 50,
            "min_samples_split": 26,
            "min_samples_leaf": 2,
            "criterion": "entropy"
        }
    },
    "lr": {
        "cv_avg_scores": {
            "fit_time": 1.178588080406189,
            "score_time": 0.01772170066833496,
            "test_precision": 0.8793238224161091,
            "test_recall": 0.9152456804630719,
            "test_f1": 0.8968906941050042,
            "test_AUC": 0.959714685252235
        },
        "params": {
            "penalty": "l2",
            "C": 90.34895777493068,
            "solver": "newton-cholesky",
            "max_iter": 100000
        }
    },
    "svm": {
        "cv_avg_scores": {
            "fit_time": 49.45373086929321,
            "score_time": 7.619684934616089,
            "test_precision": 0.9598880533954812,
            "test_recall": 0.9690841635286078,
            "test_f1": 0.9644412932994397,
            "test_AUC": 0.9885226732703494
        },
        "params": {
            "C": 7.806646397956129,
            "kernel": "rbf"
        }
    },
    "knn": {
        "cv_avg_scores": {
            "fit_time": 0.012574720382690429,
            "score_time": 6.817724442481994,
            "test_precision": 0.8585747811444007,
            "test_recall": 0.9760197395463097,
            "test_f1": 0.9134912105205334,
            "test_AUC": 0.980251249279911
        },
        "params": {
            "n_neighbors": 20
        }
    },
    "ada": {
        "cv_avg_scores": {
            "fit_time": 186.90587477684022,
            "score_time": 5.887249946594238,
            "test_precision": 0.8679498245780113,
            "test_recall": 0.9217698029292232,
            "test_f1": 0.8940188544226414,
            "test_AUC": 0.9555471588604982
        },
        "params": {
            "n_estimators": 1000,
            "learning_rate": 0.3
        }
    },
    "et": {
        "cv_avg_scores": {
            "fit_time": 124.3238038778305,
            "score_time": 3.0239864587783813,
            "test_precision": 0.9397319050246369,
            "test_recall": 0.9572697611344955,
            "test_f1": 0.9483917591391371,
            "test_AUC": 0.9893565392929933
        },
        "params": {
            "n_estimators": 1000,
            "max_depth": 50,
            "min_samples_split": 2,
            "min_samples_leaf": 2
        }
    },
    "xgb": {
        "cv_avg_scores": {
            "fit_time": 25.095278573036193,
            "score_time": 0.14741733074188232,
            "test_precision": 0.9684192252478363,
            "test_recall": 0.9466903756758829,
            "test_f1": 0.9574123576799403,
            "test_AUC": 0.99291766296157
        },
        "params": {
            "n_estimators": 500,
            "learning_rate": 0.3,
            "max_depth": 50,
            "min_child_weight": 2,
            "reg_alpha": 0.001,
            "reg_lambda": 0.1,
            "gamma": 0.001,
            "tree_method": "gpu_hist",
            "gpu_id": 0,
            "scale_pos_weight": 0.5
        }
    }
}