{
    "rf": {
        "cv_avg_scores": {
            "test_auc": 0.9607765675878042,
            "test_precision": 0.7195391228619228,
            "test_recall": 0.9599552572706935,
            "test_f1": 0.9599552572706935
        },
        "params": {
            "n_estimators": 100,
            "max_depth": 50,
            "min_samples_split": 19,
            "min_samples_leaf": 2,
            "criterion": "entropy"
        }
    },
    "lr": {
        "cv_avg_scores": {
            "test_auc": 0.9012715701126608,
            "test_precision": 0.4819378738193717,
            "test_recall": 0.9574944071588367,
            "test_f1": 0.9574944071588367
        },
        "params": {
            "penalty": "l2",
            "C": 98.59239051865623,
            "solver": "newton-cholesky",
            "max_iter": 100000
        }
    },
    "et": {
        "cv_avg_scores": {
            "test_auc": 0.9651460934371136,
            "test_precision": 0.7556495233419545,
            "test_recall": 0.967337807606264,
            "test_f1": 0.967337807606264
        },
        "params": {
            "n_estimators": 1000,
            "max_depth": 50,
            "min_samples_split": 2,
            "min_samples_leaf": 2
        }
    },
    "xgb": {
        "cv_avg_scores": {
            "test_auc": 0.9060143829772414,
            "test_precision": 0.5271169903538458,
            "test_recall": 0.958165548098434,
            "test_f1": 0.958165548098434
        },
        "params": {
            "n_estimators": 1000,
            "learning_rate": 0.3,
            "max_depth": 50,
            "min_child_weight": 2,
            "reg_alpha": 0.001,
            "reg_lambda": 0.1,
            "gamma": 0.001,
            "tree_method": "gpu_hist",
            "gpu_id": 0,
            "scale_pos_weight": 0.5
        }
    }
}