{
    "rf": {
        "cv_avg_scores": {
            "fit_time": 16.49523482322693,
            "score_time": 0.5309545278549195,
            "test_precision": 0.9834255599472991,
            "test_recall": 0.2598770382250735,
            "test_f1": 0.40787879472281324,
            "test_AUC": 0.9524912111645877
        },
        "params": {
            "n_estimators": 500,
            "max_depth": 50,
            "min_samples_split": 29,
            "min_samples_leaf": 2,
            "criterion": "entropy"
        }
    },
    "lr": {
        "cv_avg_scores": {
            "fit_time": 0.8185894966125489,
            "score_time": 0.007982492446899414,
            "test_precision": 0.7076830789420083,
            "test_recall": 0.229831595829992,
            "test_f1": 0.34526430576009604,
            "test_AUC": 0.9055736305720163
        },
        "params": {
            "penalty": "l2",
            "C": 5.680720830504487,
            "solver": "newton-cholesky",
            "max_iter": 100000
        }
    },
    "svm": {
        "cv_avg_scores": {
            "fit_time": 15.705962800979615,
            "score_time": 1.0004858493804931,
            "test_precision": 0.9191372618181196,
            "test_recall": 0.472507350975675,
            "test_f1": 0.6215702396641032,
            "test_AUC": 0.9372622750155075
        },
        "params": {
            "C": 2.8999317377798164,
            "kernel": "rbf"
        }
    },
    "knn": {
        "cv_avg_scores": {
            "fit_time": 0.00840914249420166,
            "score_time": 1.2731577634811402,
            "test_precision": 0.9421478521478521,
            "test_recall": 0.11200213846565091,
            "test_f1": 0.19879362576118936,
            "test_AUC": 0.9210347563216187
        },
        "params": {
            "n_neighbors": 76
        }
    },
    "ada": {
        "cv_avg_scores": {
            "fit_time": 176.61737418174744,
            "score_time": 0.9237846612930298,
            "test_precision": 0.8125525210084034,
            "test_recall": 0.14438652766639937,
            "test_f1": 0.2424530704961288,
            "test_AUC": 0.9042158886283014
        },
        "params": {
            "n_estimators": 1000,
            "learning_rate": 0.051886609284263994
        }
    },
    "et": {
        "cv_avg_scores": {
            "fit_time": 6.190374231338501,
            "score_time": 0.13153345584869386,
            "test_precision": 0.9751286703185322,
            "test_recall": 0.3258086073242449,
            "test_f1": 0.48507671931026997,
            "test_AUC": 0.9505065147047773
        },
        "params": {
            "n_estimators": 100,
            "max_depth": 47,
            "min_samples_split": 2,
            "min_samples_leaf": 2
        }
    },
    "xgb": {
        "cv_avg_scores": {
            "fit_time": 11.685253810882568,
            "score_time": 0.023842549324035643,
            "test_precision": 0.0,
            "test_recall": 0.0,
            "test_f1": 0.0,
            "test_AUC": 0.8020489604461023
        },
        "params": {
            "n_estimators": 500,
            "learning_rate": 0.01275850137643103,
            "max_depth": 24,
            "min_child_weight": 21,
            "reg_alpha": 0.022539934827078893,
            "reg_lambda": 0.05943761676538938,
            "gamma": 3.124773850281069,
            "tree_method": "gpu_hist",
            "gpu_id": 0,
            "scale_pos_weight": 0.04843400447427293
        }
    }
}