{"required_experience": {"class_counts": [["Mid-Senior level", 379], ["Entry level", 297], ["Associate", 221], ["Not Applicable", 112], ["Director", 36], ["Internship", 32], ["Executive", 20]], "avg_precision": 1.0, "avg_recall": 1.0, "avg_f1": 1.0, "avg_accuracy": 1.0, "weighted_precision": 1.0, "weighted_recall": 1.0, "weighted_f1": 1.0, "weighted_accuracy": 1.0, "class_precision": [1.0, 1.0, 1.0, 1.0, 1.0, 1.0, 1.0], "class_recall": [1.0, 1.0, 1.0, 1.0, 1.0, 1.0, 1.0], "class_f1": [1.0, 1.0, 1.0, 1.0, 1.0, 1.0, 1.0], "class_accuracy": 1.0, "num_classes": 7, "num_applicable_rows": 1097, "confusion_matrix": [["Mid-Senior level", [["Mid-Senior level", 379]]], ["Entry level", [["Entry level", 297]]], ["Associate", [["Associate", 221]]], ["Not Applicable", [["Not Applicable", 112]]], ["Director", [["Director", 36]]], ["Internship", [["Internship", 32]]], ["Executive", [["Executive", 20]]]], "precision_recall_curves": {"Mid-Senior level": {"precision": [1.0, 1.0, 1.0, 1.0], "recall": [1.0, 0.9841688654353562, 0.9683377308707124, 0.0], "thresholds": [0.9999997615814209, 0.9999998807907104, 1.0]}, "Entry level": {"precision": [1.0, 1.0, 1.0, 1.0, 1.0, 1.0, 1.0, 1.0, 1.0, 1.0, 1.0, 1.0], "recall": [1.0, 0.9966329966329966, 0.9932659932659933, 0.98989898989899, 0.9831649831649831, 0.9797979797979798, 0.9764309764309764, 0.9696969696969697, 0.9629629629629629, 0.9494949494949495, 0.8888888888888888, 0.0], "thresholds": [0.999992847442627, 0.9999983310699463, 0.9999985694885254, 0.9999990463256836, 0.9999991655349731, 0.9999992847442627, 0.9999995231628418, 0.9999996423721313, 0.9999997615814209, 0.9999998807907104, 1.0]}, "Associate": {"precision": [1.0, 1.0, 1.0, 1.0, 1.0, 1.0], "recall": [1.0, 0.995475113122172, 0.9909502262443439, 0.9773755656108597, 0.9230769230769231, 0.0], "thresholds": [0.9999994039535522, 0.9999996423721313, 0.9999997615814209, 0.9999998807907104, 1.0]}, "Not Applicable": {"precision": [1.0, 1.0, 1.0, 1.0, 1.0, 1.0, 1.0, 1.0, 1.0, 1.0], "recall": [1.0, 0.9910714285714286, 0.9821428571428571, 0.9732142857142857, 0.9642857142857143, 0.9464285714285714, 0.9285714285714286, 0.9107142857142857, 0.8125, 0.0], "thresholds": [0.9998642206192017, 0.9999977350234985, 0.9999990463256836, 0.9999992847442627, 0.9999995231628418, 0.9999996423721313, 0.9999997615814209, 0.9999998807907104, 1.0]}, "Director": {"precision": [1.0, 1.0, 1.0, 1.0, 1.0, 1.0, 1.0, 1.0, 1.0, 1.0, 1.0], "recall": [1.0, 0.9722222222222222, 0.9444444444444444, 0.9166666666666666, 0.8888888888888888, 0.8333333333333334, 0.8055555555555556, 0.7222222222222222, 0.5555555555555556, 0.4722222222222222, 0.0], "thresholds": [0.9999653100967407, 0.9999921321868896, 0.9999978542327881, 0.9999985694885254, 0.9999991655349731, 0.9999992847442627, 0.9999995231628418, 0.9999997615814209, 0.9999998807907104, 1.0]}, "Internship": {"precision": [1.0, 1.0, 1.0, 1.0, 1.0, 1.0, 1.0, 1.0, 1.0, 1.0, 1.0, 1.0, 1.0], "recall": [1.0, 0.96875, 0.9375, 0.90625, 0.875, 0.84375, 0.8125, 0.78125, 0.71875, 0.6875, 0.625, 0.5, 0.0], "thresholds": [0.9996770620346069, 0.9999071359634399, 0.9999639987945557, 0.9999959468841553, 0.9999963045120239, 0.9999964237213135, 0.9999967813491821, 0.9999995231628418, 0.9999996423721313, 0.9999997615814209, 0.9999998807907104, 1.0]}, "Executive": {"precision": [1.0, 1.0, 1.0, 1.0, 1.0, 1.0, 1.0, 1.0, 1.0, 1.0], "recall": [1.0, 0.95, 0.9, 0.85, 0.8, 0.65, 0.6, 0.5, 0.35, 0.0], "thresholds": [0.999411940574646, 0.9999971389770508, 0.9999977350234985, 0.9999983310699463, 0.9999992847442627, 0.9999996423721313, 0.9999997615814209, 0.9999998807907104, 1.0]}}}}