{
    "rf": {
        "cv_avg_scores": {
            "test_auc": 0.9659470824844592,
            "test_precision": 0.757615647624492,
            "test_recall": 0.9653243847874721,
            "test_f1": 0.9653243847874721
        },
        "params": {
            "n_estimators": 1000,
            "max_depth": 50,
            "min_samples_split": 2,
            "min_samples_leaf": 2,
            "criterion": "entropy"
        }
    },
    "lr": {
        "cv_avg_scores": {
            "test_auc": 0.903170654199098,
            "test_precision": 0.484034379229885,
            "test_recall": 0.9583892617449664,
            "test_f1": 0.9583892617449664
        },
        "params": {
            "penalty": "l2",
            "C": 22.64046928559341,
            "solver": "newton-cholesky",
            "max_iter": 100000
        }
    },
    "et": {
        "cv_avg_scores": {
            "test_auc": 0.9683315485207821,
            "test_precision": 0.7801441307100838,
            "test_recall": 0.9668903803131991,
            "test_f1": 0.9668903803131991
        },
        "params": {
            "n_estimators": 1000,
            "max_depth": 49,
            "min_samples_split": 2,
            "min_samples_leaf": 2
        }
    },
    "xgb": {
        "cv_avg_scores": {
            "test_auc": 0.9181347838200211,
            "test_precision": 0.5578641982104237,
            "test_recall": 0.9523489932885906,
            "test_f1": 0.9523489932885906
        },
        "params": {
            "n_estimators": 100,
            "learning_rate": 0.3,
            "max_depth": 6,
            "min_child_weight": 2,
            "reg_alpha": 0.001,
            "reg_lambda": 0.1,
            "gamma": 0.001,
            "tree_method": "gpu_hist",
            "gpu_id": 0,
            "scale_pos_weight": 0.5
        }
    }
}