{
    "rf": {
        "cv_avg_scores": {
            "test_auc": 0.9650165856971217,
            "test_precision": 0.7488440272980882,
            "test_recall": 0.9644295302013423,
            "test_f1": 0.9644295302013423
        },
        "params": {
            "n_estimators": 1000,
            "max_depth": 31,
            "min_samples_split": 2,
            "min_samples_leaf": 2,
            "criterion": "entropy"
        }
    },
    "lr": {
        "cv_avg_scores": {
            "test_auc": 0.9050218530707482,
            "test_precision": 0.4863495873023127,
            "test_recall": 0.9586129753914989,
            "test_f1": 0.9586129753914989
        },
        "params": {
            "penalty": "l2",
            "C": 11.870015417339715,
            "solver": "newton-cholesky",
            "max_iter": 100000
        }
    },
    "et": {
        "cv_avg_scores": {
            "test_auc": 0.9681291246582737,
            "test_precision": 0.7792326118460927,
            "test_recall": 0.9671140939597316,
            "test_f1": 0.9671140939597316
        },
        "params": {
            "n_estimators": 1000,
            "max_depth": 43,
            "min_samples_split": 2,
            "min_samples_leaf": 2
        }
    },
    "xgb": {
        "cv_avg_scores": {
            "test_auc": 0.9193776228038099,
            "test_precision": 0.5938600298210982,
            "test_recall": 0.9559284116331096,
            "test_f1": 0.9559284116331096
        },
        "params": {
            "n_estimators": 1000,
            "learning_rate": 0.3,
            "max_depth": 50,
            "min_child_weight": 2,
            "reg_alpha": 0.001,
            "reg_lambda": 0.001,
            "gamma": 0.001,
            "tree_method": "gpu_hist",
            "gpu_id": 0,
            "scale_pos_weight": 0.048471290082028336
        }
    }
}