{
    "rf": {
        "cv_avg_scores": {
            "test_auc": 0.9659470824844592,
            "test_precision": 0.757615647624492,
            "test_recall": 0.9653243847874721,
            "test_f1": 0.9653243847874721
        },
        "params": {
            "n_estimators": 1000,
            "max_depth": 50,
            "min_samples_split": 2,
            "min_samples_leaf": 2,
            "criterion": "entropy"
        }
    },
    "lr": {
        "cv_avg_scores": {
            "test_auc": 0.898906693482387,
            "test_precision": 0.47902809780421807,
            "test_recall": 0.958165548098434,
            "test_f1": 0.958165548098434
        },
        "params": {
            "penalty": "l2",
            "C": 99.68549417827437,
            "solver": "newton-cholesky",
            "max_iter": 100000
        }
    },
    "et": {
        "cv_avg_scores": {
            "test_auc": 0.9675272945724286,
            "test_precision": 0.7671639085003482,
            "test_recall": 0.9662192393736018,
            "test_f1": 0.9662192393736018
        },
        "params": {
            "n_estimators": 1000,
            "max_depth": 50,
            "min_samples_split": 15,
            "min_samples_leaf": 2
        }
    },
    "xgb": {
        "cv_avg_scores": {
            "test_auc": 0.9188949616047641,
            "test_precision": 0.5672614203137403,
            "test_recall": 0.9543624161073826,
            "test_f1": 0.9543624161073827
        },
        "params": {
            "n_estimators": 1000,
            "learning_rate": 0.2255630953708606,
            "max_depth": 50,
            "min_child_weight": 2,
            "reg_alpha": 0.1,
            "reg_lambda": 0.1,
            "gamma": 0.001,
            "tree_method": "gpu_hist",
            "gpu_id": 0,
            "scale_pos_weight": 0.5
        }
    }
}