{
    "rf": {
        "cv_avg_scores": {
            "test_auc": 0.9704651613296418,
            "test_precision": 0.7847885574268553,
            "test_recall": 0.9671140939597316,
            "test_f1": 0.9671140939597316
        },
        "params": {
            "n_estimators": 1000,
            "max_depth": 50,
            "min_samples_split": 2,
            "min_samples_leaf": 2,
            "criterion": "entropy"
        }
    },
    "lr": {
        "cv_avg_scores": {
            "test_auc": 0.9281096005502447,
            "test_precision": 0.5987053527505481,
            "test_recall": 0.9626398210290827,
            "test_f1": 0.9626398210290827
        },
        "params": {
            "penalty": "l2",
            "C": 58.12277115418188,
            "solver": "newton-cholesky",
            "max_iter": 100000
        }
    },
    "et": {
        "cv_avg_scores": {
            "test_auc": 0.9697131457974195,
            "test_precision": 0.7810579404633464,
            "test_recall": 0.9664429530201343,
            "test_f1": 0.9664429530201343
        },
        "params": {
            "n_estimators": 1000,
            "max_depth": 50,
            "min_samples_split": 30,
            "min_samples_leaf": 2
        }
    },
    "xgb": {
        "cv_avg_scores": {
            "test_auc": 0.9145646145675529,
            "test_precision": 0.5578299796358488,
            "test_recall": 0.9543624161073826,
            "test_f1": 0.9543624161073827
        },
        "params": {
            "n_estimators": 1000,
            "learning_rate": 0.3,
            "max_depth": 50,
            "min_child_weight": 2,
            "reg_alpha": 0.1,
            "reg_lambda": 0.001,
            "gamma": 0.001,
            "tree_method": "gpu_hist",
            "gpu_id": 0,
            "scale_pos_weight": 0.5
        }
    }
}