{
    "rf": {
        "cv_avg_scores": {
            "test_auc": 0.9733366417663549,
            "test_precision": 0.7854103978698108,
            "test_recall": 0.9671140939597316,
            "test_f1": 0.9671140939597316
        },
        "params": {
            "n_estimators": 1000,
            "max_depth": 43,
            "min_samples_split": 5,
            "min_samples_leaf": 2,
            "criterion": "entropy"
        }
    },
    "lr": {
        "cv_avg_scores": {
            "test_auc": 0.927888131431855,
            "test_precision": 0.582909195545088,
            "test_recall": 0.9610738255033557,
            "test_f1": 0.9610738255033557
        },
        "params": {
            "penalty": "l2",
            "C": 16.903439697390798,
            "solver": "newton-cholesky",
            "max_iter": 100000
        }
    },
    "et": {
        "cv_avg_scores": {
            "test_auc": 0.97432590677184,
            "test_precision": 0.8015975900498772,
            "test_recall": 0.9700223713646532,
            "test_f1": 0.9700223713646532
        },
        "params": {
            "n_estimators": 1000,
            "max_depth": 50,
            "min_samples_split": 2,
            "min_samples_leaf": 2
        }
    },
    "xgb": {
        "cv_avg_scores": {
            "test_auc": 0.9251744545438716,
            "test_precision": 0.6079663832176581,
            "test_recall": 0.9554809843400447,
            "test_f1": 0.9554809843400447
        },
        "params": {
            "n_estimators": 1000,
            "learning_rate": 0.3,
            "max_depth": 50,
            "min_child_weight": 2,
            "reg_alpha": 0.001,
            "reg_lambda": 0.001,
            "gamma": 0.001,
            "tree_method": "gpu_hist",
            "gpu_id": 0,
            "scale_pos_weight": 0.5
        }
    }
}