{
    "rf": {
        "cv_avg_scores": {
            "fit_time": 30.662670850753784,
            "score_time": 0.9389980792999267,
            "test_precision": 0.938020993343574,
            "test_recall": 0.271411387329591,
            "test_f1": 0.4171770279595983,
            "test_AUC": 0.9581052482626727
        },
        "params": {
            "n_estimators": 1000,
            "max_depth": 50,
            "min_samples_split": 30,
            "min_samples_leaf": 2,
            "criterion": "entropy"
        }
    },
    "lr": {
        "cv_avg_scores": {
            "fit_time": 0.7029950857162476,
            "score_time": 0.00786902904510498,
            "test_precision": 0.732444187455298,
            "test_recall": 0.26095963646083936,
            "test_f1": 0.3825988883507983,
            "test_AUC": 0.9096800404628725
        },
        "params": {
            "penalty": "l2",
            "C": 1.98301419713559,
            "solver": "newton-cholesky",
            "max_iter": 100000
        }
    },
    "svm": {
        "cv_avg_scores": {
            "fit_time": 16.388190746307373,
            "score_time": 0.946423602104187,
            "test_precision": 0.776301572175433,
            "test_recall": 0.6513098102111734,
            "test_f1": 0.7060307551416142,
            "test_AUC": 0.944467806215453
        },
        "params": {
            "C": 24.06613155025311,
            "kernel": "rbf"
        }
    },
    "knn": {
        "cv_avg_scores": {
            "fit_time": 0.0087752103805542,
            "score_time": 1.293178415298462,
            "test_precision": 0.8463121725097531,
            "test_recall": 0.31518310612135797,
            "test_f1": 0.4577225443621421,
            "test_AUC": 0.9405793326973402
        },
        "params": {
            "n_neighbors": 38
        }
    },
    "ada": {
        "cv_avg_scores": {
            "fit_time": 172.2059806585312,
            "score_time": 0.8151678323745728,
            "test_precision": 0.835330806963934,
            "test_recall": 0.14315690991713445,
            "test_f1": 0.2428220771229201,
            "test_AUC": 0.9040592219875963
        },
        "params": {
            "n_estimators": 1000,
            "learning_rate": 0.04822821639479147
        }
    },
    "et": {
        "cv_avg_scores": {
            "fit_time": 62.3829888343811,
            "score_time": 1.1124607801437378,
            "test_precision": 0.9385019134781988,
            "test_recall": 0.4180299385191125,
            "test_f1": 0.57702441062927,
            "test_AUC": 0.9618408227072726
        },
        "params": {
            "n_estimators": 1000,
            "max_depth": 50,
            "min_samples_split": 2,
            "min_samples_leaf": 2
        }
    },
    "xgb": {
        "cv_avg_scores": {
            "fit_time": 445.97736036777496,
            "score_time": 0.2069392681121826,
            "test_precision": 0.0,
            "test_recall": 0.0,
            "test_f1": 0.0,
            "test_AUC": 0.882528273387172
        },
        "params": {
            "n_estimators": 100,
            "learning_rate": 0.03773429302326368,
            "max_depth": 21,
            "min_child_weight": 7,
            "reg_alpha": 0.052109159951847464,
            "reg_lambda": 0.018272583665220745,
            "gamma": 0.001,
            "tree_method": "gpu_hist",
            "gpu_id": 0,
            "scale_pos_weight": 0.04843400447427293
        }
    }
}