{"employment_type": {"class_counts": [["Full-time", 1166], ["Contract", 156], ["Part-time", 62], ["Other", 30], ["Temporary", 24]], "avg_precision": 1.0, "avg_recall": 1.0, "avg_f1": 1.0, "avg_accuracy": 1.0, "weighted_precision": 1.0, "weighted_recall": 1.0, "weighted_f1": 1.0, "weighted_accuracy": 1.0, "class_precision": [1.0, 1.0, 1.0, 1.0, 1.0], "class_recall": [1.0, 1.0, 1.0, 1.0, 1.0], "class_f1": [1.0, 1.0, 1.0, 1.0, 1.0], "class_accuracy": 1.0, "num_classes": 5, "num_applicable_rows": 1438, "confusion_matrix": [["Full-time", [["Full-time", 1166]]], ["Contract", [["Contract", 156]]], ["Part-time", [["Part-time", 62]]], ["Other", [["Other", 30]]], ["Temporary", [["Temporary", 24]]]], "precision_recall_curves": {"Full-time": {"precision": [1.0, 1.0], "recall": [1.0, 0.0], "thresholds": [1.0]}, "Contract": {"precision": [1.0, 1.0], "recall": [1.0, 0.0], "thresholds": [1.0]}, "Part-time": {"precision": [1.0, 1.0, 1.0], "recall": [1.0, 0.9838709677419355, 0.0], "thresholds": [0.9999951124191284, 1.0]}, "Temporary": {"precision": [1.0, 1.0, 1.0, 1.0], "recall": [1.0, 0.9583333333333334, 0.9166666666666666, 0.0], "thresholds": [0.9984766840934753, 0.9999994039535522, 1.0]}, "Other": {"precision": [1.0, 1.0, 1.0, 1.0, 1.0, 1.0, 1.0], "recall": [1.0, 0.9666666666666667, 0.9333333333333333, 0.9, 0.8666666666666667, 0.8333333333333334, 0.0], "thresholds": [0.9999972581863403, 0.9999988079071045, 0.9999995231628418, 0.9999996423721313, 0.9999998807907104, 1.0]}}}}