{
    "rf": {
        "cv_avg_scores": {
            "test_auc": 0.9654181685211305,
            "test_precision": 0.7520587014545205,
            "test_recall": 0.9655480984340045,
            "test_f1": 0.9655480984340045
        },
        "params": {
            "n_estimators": 1000,
            "max_depth": 50,
            "min_samples_split": 6,
            "min_samples_leaf": 2,
            "criterion": "entropy"
        }
    },
    "lr": {
        "cv_avg_scores": {
            "test_auc": 0.8988903689773459,
            "test_precision": 0.47901697016986877,
            "test_recall": 0.958165548098434,
            "test_f1": 0.958165548098434
        },
        "params": {
            "penalty": "l2",
            "C": 100.0,
            "solver": "newton-cholesky",
            "max_iter": 100000
        }
    },
    "et": {
        "cv_avg_scores": {
            "test_auc": 0.9684447317557332,
            "test_precision": 0.7801724401525586,
            "test_recall": 0.9671140939597316,
            "test_f1": 0.9671140939597316
        },
        "params": {
            "n_estimators": 1000,
            "max_depth": 50,
            "min_samples_split": 2,
            "min_samples_leaf": 2
        }
    },
    "xgb": {
        "cv_avg_scores": {
            "test_auc": 0.9196279318811054,
            "test_precision": 0.5747742147006306,
            "test_recall": 0.9543624161073826,
            "test_f1": 0.9543624161073827
        },
        "params": {
            "n_estimators": 1000,
            "learning_rate": 0.3,
            "max_depth": 50,
            "min_child_weight": 2,
            "reg_alpha": 0.1,
            "reg_lambda": 0.1,
            "gamma": 0.001,
            "tree_method": "gpu_hist",
            "gpu_id": 0,
            "scale_pos_weight": 0.5
        }
    }
}