{
    "rf": {
        "cv_avg_scores": {
            "fit_time": 27.073531723022462,
            "score_time": 0.8694931030273437,
            "test_precision": 0.9430107721121332,
            "test_recall": 0.9632669937017763,
            "test_f1": 0.9530172716148245,
            "test_AUC": 0.9908978596740413
        },
        "params": {
            "n_estimators": 1000,
            "max_depth": 50,
            "min_samples_split": 2,
            "min_samples_leaf": 2,
            "criterion": "entropy"
        }
    },
    "lr": {
        "cv_avg_scores": {
            "fit_time": 0.9094150304794312,
            "score_time": 0.012278079986572266,
            "test_precision": 0.8334110947095252,
            "test_recall": 0.8900913681106919,
            "test_f1": 0.8608017242468666,
            "test_AUC": 0.9311214696450577
        },
        "params": {
            "penalty": "l2",
            "C": 87.89530082505588,
            "solver": "newton-cholesky",
            "max_iter": 100000
        }
    },
    "svm": {
        "cv_avg_scores": {
            "fit_time": 44.735624170303346,
            "score_time": 2.923956775665283,
            "test_precision": 0.959734090381464,
            "test_recall": 0.9832495020900819,
            "test_f1": 0.9713460373671273,
            "test_AUC": 0.9860692929701071
        },
        "params": {
            "C": 17.95078341321716,
            "kernel": "rbf"
        }
    },
    "knn": {
        "cv_avg_scores": {
            "fit_time": 0.011401224136352538,
            "score_time": 4.934898757934571,
            "test_precision": 0.9064714014044757,
            "test_recall": 0.9775476304461812,
            "test_f1": 0.9406315373384222,
            "test_AUC": 0.9861160797697845
        },
        "params": {
            "n_neighbors": 12
        }
    },
    "ada": {
        "cv_avg_scores": {
            "fit_time": 114.85146577358246,
            "score_time": 1.3097975492477416,
            "test_precision": 0.8285823019419952,
            "test_recall": 0.8749853373041778,
            "test_f1": 0.8511301247614365,
            "test_AUC": 0.9297440823273169
        },
        "params": {
            "n_estimators": 1000,
            "learning_rate": 0.3
        }
    },
    "et": {
        "cv_avg_scores": {
            "fit_time": 44.37660164833069,
            "score_time": 1.0627261400222778,
            "test_precision": 0.9457740914799861,
            "test_recall": 0.967792982768828,
            "test_f1": 0.9566292270455705,
            "test_AUC": 0.9920807382851591
        },
        "params": {
            "n_estimators": 1000,
            "max_depth": 50,
            "min_samples_split": 2,
            "min_samples_leaf": 2
        }
    },
    "xgb": {
        "cv_avg_scores": {
            "fit_time": 25.690673542022704,
            "score_time": 0.12203068733215332,
            "test_precision": 0.9527415134351976,
            "test_recall": 0.9498656005902382,
            "test_f1": 0.9512953084327005,
            "test_AUC": 0.9887423369524692
        },
        "params": {
            "n_estimators": 1000,
            "learning_rate": 0.3,
            "max_depth": 50,
            "min_child_weight": 26,
            "reg_alpha": 0.08092607314193083,
            "reg_lambda": 0.1,
            "gamma": 0.001,
            "tree_method": "gpu_hist",
            "gpu_id": 0,
            "scale_pos_weight": 0.5
        }
    }
}