{
    "rf": {
        "params": {
            "n_estimators": 1000,
            "max_depth": 50,
            "min_samples_split": 2,
            "min_samples_leaf": 2,
            "criterion": "entropy"
        },
        "score": 0.9502561637304344
    },
    "lr": {
        "params": {
            "penalty": "l2",
            "C": 3.6827309724100084,
            "solver": "newton-cholesky",
            "max_iter": 100000
        },
        "score": 0.8987362388699834
    },
    "svm": {
        "params": {
            "C": 12.890390969368735,
            "kernel": "rbf"
        },
        "score": 0.9374882099697986
    },
    "knn": {
        "params": {
            "n_neighbors": 48
        },
        "score": 0.9209822063469529
    },
    "ada": {
        "params": {
            "n_estimators": 1000,
            "learning_rate": 0.03214344390008797
        },
        "score": 0.8965873299708319
    },
    "gb": {
        "params": {
            "n_estimators": 500,
            "learning_rate": 0.021178158587952762,
            "max_depth": 23,
            "min_samples_split": 18,
            "min_samples_leaf": 15
        },
        "score": 0.9513011753153956
    },
    "et": {
        "params": {
            "n_estimators": 1000,
            "max_depth": 50,
            "min_samples_split": 2,
            "min_samples_leaf": 2
        },
        "score": 0.9515342736994832
    },
    "xgb": {
        "params": {
            "n_estimators": 1000,
            "learning_rate": 0.010248951808180772,
            "max_depth": 39,
            "min_child_weight": 2,
            "reg_alpha": 0.05853251065947404,
            "reg_lambda": 0.029027239647326914,
            "gamma": 0.001,
            "tree_method": "gpu_hist",
            "gpu_id": 0,
            "scale_pos_weight": 0.9515659955257271
        },
        "score": 0.9508797040977333
    }
}