{
    "rf": {
        "cv_avg_scores": {
            "test_auc": 0.9735401539291995,
            "test_precision": 0.7887919186025895,
            "test_recall": 0.9671140939597316,
            "test_f1": 0.9671140939597316
        },
        "params": {
            "n_estimators": 1000,
            "max_depth": 42,
            "min_samples_split": 2,
            "min_samples_leaf": 2,
            "criterion": "entropy"
        }
    },
    "lr": {
        "cv_avg_scores": {
            "test_auc": 0.9245078705880304,
            "test_precision": 0.5774514801409711,
            "test_recall": 0.9606263982102908,
            "test_f1": 0.9606263982102908
        },
        "params": {
            "penalty": "l2",
            "C": 68.87338584366584,
            "solver": "newton-cholesky",
            "max_iter": 100000
        }
    },
    "et": {
        "cv_avg_scores": {
            "test_auc": 0.9730623900816662,
            "test_precision": 0.7848643291266914,
            "test_recall": 0.9682326621923938,
            "test_f1": 0.9682326621923938
        },
        "params": {
            "n_estimators": 1000,
            "max_depth": 50,
            "min_samples_split": 19,
            "min_samples_leaf": 2
        }
    },
    "xgb": {
        "cv_avg_scores": {
            "test_auc": 0.9247211774538996,
            "test_precision": 0.6023056794025823,
            "test_recall": 0.9543624161073826,
            "test_f1": 0.9543624161073827
        },
        "params": {
            "n_estimators": 1000,
            "learning_rate": 0.12004255545201718,
            "max_depth": 35,
            "min_child_weight": 2,
            "reg_alpha": 0.1,
            "reg_lambda": 0.05234096189506346,
            "gamma": 0.001,
            "tree_method": "gpu_hist",
            "gpu_id": 0,
            "scale_pos_weight": 0.5
        }
    }
}