{
    "rf": {
        "cv_avg_scores": {
            "test_auc": 0.9685432229361473,
            "test_precision": 0.7691822724631049,
            "test_recall": 0.9646532438478748,
            "test_f1": 0.9646532438478748
        },
        "params": {
            "n_estimators": 1000,
            "max_depth": 50,
            "min_samples_split": 24,
            "min_samples_leaf": 2,
            "criterion": "entropy"
        }
    },
    "lr": {
        "cv_avg_scores": {
            "test_auc": 0.930512567692281,
            "test_precision": 0.6004956653868466,
            "test_recall": 0.9626398210290827,
            "test_f1": 0.9626398210290827
        },
        "params": {
            "penalty": "l2",
            "C": 30.108349964028875,
            "solver": "newton-cholesky",
            "max_iter": 100000
        }
    },
    "et": {
        "cv_avg_scores": {
            "test_auc": 0.9704488368246008,
            "test_precision": 0.7941143047296421,
            "test_recall": 0.9691275167785235,
            "test_f1": 0.9691275167785235
        },
        "params": {
            "n_estimators": 500,
            "max_depth": 50,
            "min_samples_split": 2,
            "min_samples_leaf": 2
        }
    },
    "xgb": {
        "cv_avg_scores": {
            "test_auc": 0.872276528408992,
            "test_precision": 0.3587844390058313,
            "test_recall": 0.9516778523489933,
            "test_f1": 0.9516778523489933
        },
        "params": {
            "n_estimators": 100,
            "learning_rate": 0.1008499179713802,
            "max_depth": 46,
            "min_child_weight": 5,
            "reg_alpha": 0.055194276235504394,
            "reg_lambda": 0.06062004673923615,
            "gamma": 0.001,
            "tree_method": "gpu_hist",
            "gpu_id": 0,
            "scale_pos_weight": 0.048471290082028336
        }
    }
}