{
    "rf": {
        "cv_avg_scores": {
            "fit_time": 3.377467727661133,
            "score_time": 0.19742164611816407,
            "test_precision": 0.9329313859290975,
            "test_recall": 0.34871692060946274,
            "test_f1": 0.5042420519249996,
            "test_AUC": 0.9552123003145393
        },
        "params": {
            "n_estimators": 100,
            "max_depth": 50,
            "min_samples_split": 2,
            "min_samples_leaf": 2,
            "criterion": "entropy"
        }
    },
    "lr": {
        "cv_avg_scores": {
            "fit_time": 0.7946457147598267,
            "score_time": 0.007846546173095704,
            "test_precision": 0.7501469714900427,
            "test_recall": 0.2540363539160652,
            "test_f1": 0.37679333378707736,
            "test_AUC": 0.9037859856942564
        },
        "params": {
            "penalty": "l2",
            "C": 4.9839443567864405,
            "solver": "newton-cholesky",
            "max_iter": 100000
        }
    },
    "svm": {
        "cv_avg_scores": {
            "fit_time": 15.921597504615784,
            "score_time": 0.9607195854187012,
            "test_precision": 0.8243132895522512,
            "test_recall": 0.6074578989574979,
            "test_f1": 0.6985942929469744,
            "test_AUC": 0.9390548820713743
        },
        "params": {
            "C": 11.107264596462727,
            "kernel": "rbf"
        }
    },
    "knn": {
        "cv_avg_scores": {
            "fit_time": 0.009673023223876953,
            "score_time": 1.3005445003509521,
            "test_precision": 0.7923220191654554,
            "test_recall": 0.24128575247260092,
            "test_f1": 0.36715850115779636,
            "test_AUC": 0.9333640255312494
        },
        "params": {
            "n_neighbors": 62
        }
    },
    "ada": {
        "cv_avg_scores": {
            "fit_time": 17.998002457618714,
            "score_time": 0.11004250049591065,
            "test_precision": 0.8358205687501353,
            "test_recall": 0.14329056402031543,
            "test_f1": 0.24182670114709914,
            "test_AUC": 0.9011996854416408
        },
        "params": {
            "n_estimators": 100,
            "learning_rate": 0.3
        }
    },
    "et": {
        "cv_avg_scores": {
            "fit_time": 64.59398639202118,
            "score_time": 1.0477134466171265,
            "test_precision": 0.9339042739410388,
            "test_recall": 0.3730419673883988,
            "test_f1": 0.5316398448412268,
            "test_AUC": 0.9560090880833773
        },
        "params": {
            "n_estimators": 1000,
            "max_depth": 36,
            "min_samples_split": 2,
            "min_samples_leaf": 2
        }
    },
    "xgb": {
        "cv_avg_scores": {
            "fit_time": 32.17829937934876,
            "score_time": 0.06770730018615723,
            "test_precision": 0.0,
            "test_recall": 0.0,
            "test_f1": 0.0,
            "test_AUC": 0.8896298143501739
        },
        "params": {
            "n_estimators": 500,
            "learning_rate": 0.1698103743365721,
            "max_depth": 26,
            "min_child_weight": 5,
            "reg_alpha": 0.025238235274685068,
            "reg_lambda": 0.1,
            "gamma": 0.001,
            "tree_method": "gpu_hist",
            "gpu_id": 0,
            "scale_pos_weight": 0.04843400447427293
        }
    }
}