{
    "rf": {
        "cv_avg_scores": {
            "fit_time": 2.5223124265670775,
            "score_time": 0.3404489755630493,
            "test_precision": 0.9165586093179778,
            "test_recall": 0.9076182838813152,
            "test_f1": 0.9117562502573338,
            "test_AUC": 0.9714206048539482
        },
        "params": {
            "n_estimators": 1000,
            "max_depth": 48,
            "min_samples_split": 2,
            "min_samples_leaf": 2,
            "criterion": "entropy"
        }
    },
    "lr": {
        "cv_avg_scores": {
            "fit_time": 0.10287337303161621,
            "score_time": 0.0060788154602050785,
            "test_precision": 0.8441744658487854,
            "test_recall": 0.8626169473402833,
            "test_f1": 0.8525407057891993,
            "test_AUC": 0.9276656312314305
        },
        "params": {
            "penalty": "l2",
            "C": 3.054382512922119,
            "solver": "newton-cholesky",
            "max_iter": 100000
        }
    },
    "svm": {
        "cv_avg_scores": {
            "fit_time": 0.10326042175292968,
            "score_time": 0.044665050506591794,
            "test_precision": 0.6892745640039947,
            "test_recall": 0.6720529270248596,
            "test_f1": 0.6705634602667948,
            "test_AUC": 0.7672994497137958
        },
        "params": {
            "C": 39.404121576626025,
            "kernel": "rbf"
        }
    },
    "knn": {
        "cv_avg_scores": {
            "fit_time": 0.001048707962036133,
            "score_time": 0.08702349662780762,
            "test_precision": 0.7764500850750564,
            "test_recall": 0.5773857257417803,
            "test_f1": 0.6613378940463047,
            "test_AUC": 0.7850059299406699
        },
        "params": {
            "n_neighbors": 100
        }
    },
    "ada": {
        "cv_avg_scores": {
            "fit_time": 2.252752685546875,
            "score_time": 0.2315157413482666,
            "test_precision": 0.806698900649506,
            "test_recall": 0.7262763966853781,
            "test_f1": 0.7632273139720847,
            "test_AUC": 0.8488381310547612
        },
        "params": {
            "n_estimators": 1000,
            "learning_rate": 0.001
        }
    },
    "et": {
        "cv_avg_scores": {
            "fit_time": 2.065355110168457,
            "score_time": 0.3390091896057129,
            "test_precision": 0.8983978590656477,
            "test_recall": 0.8972333600641541,
            "test_f1": 0.8973080825583845,
            "test_AUC": 0.9631481839940761
        },
        "params": {
            "n_estimators": 1000,
            "max_depth": 44,
            "min_samples_split": 4,
            "min_samples_leaf": 2
        }
    },
    "xgb": {
        "cv_avg_scores": {
            "fit_time": 19.436784291267394,
            "score_time": 0.006514072418212891,
            "test_precision": 0.8977297557699936,
            "test_recall": 0.8083266506281742,
            "test_f1": 0.8498453280100045,
            "test_AUC": 0.9342010096261679
        },
        "params": {
            "n_estimators": 100,
            "learning_rate": 0.010840065090012754,
            "max_depth": 28,
            "min_child_weight": 5,
            "reg_alpha": 0.05556234236754286,
            "reg_lambda": 0.013520944950546211,
            "gamma": 0.001,
            "tree_method": "gpu_hist",
            "gpu_id": 0,
            "scale_pos_weight": 0.5
        }
    }
}