{
    "rf": {
        "cv_avg_scores": {
            "fit_time": 35.656098103523256,
            "score_time": 0.8301453351974487,
            "test_precision": 0.9331970561058437,
            "test_recall": 0.30951617214648486,
            "test_f1": 0.4630762525384842,
            "test_AUC": 0.9557759953499584
        },
        "params": {
            "n_estimators": 1000,
            "max_depth": 50,
            "min_samples_split": 12,
            "min_samples_leaf": 2,
            "criterion": "entropy"
        }
    },
    "lr": {
        "cv_avg_scores": {
            "fit_time": 0.8436141967773437,
            "score_time": 0.009015917778015137,
            "test_precision": 0.7070111055116018,
            "test_recall": 0.2910050788559208,
            "test_f1": 0.41003369342466084,
            "test_AUC": 0.9042760313774032
        },
        "params": {
            "penalty": "l2",
            "C": 21.830975911002884,
            "solver": "newton-cholesky",
            "max_iter": 100000
        }
    },
    "svm": {
        "cv_avg_scores": {
            "fit_time": 17.268013405799866,
            "score_time": 1.024743127822876,
            "test_precision": 0.8107454294243255,
            "test_recall": 0.6120956963378775,
            "test_f1": 0.6956956208195456,
            "test_AUC": 0.9459990701721257
        },
        "params": {
            "C": 8.021652803781015,
            "kernel": "rbf"
        }
    },
    "knn": {
        "cv_avg_scores": {
            "fit_time": 0.009328913688659669,
            "score_time": 1.337041687965393,
            "test_precision": 0.8106178178871521,
            "test_recall": 0.3071103982892275,
            "test_f1": 0.4441042605884956,
            "test_AUC": 0.9341785579694081
        },
        "params": {
            "n_neighbors": 43
        }
    },
    "ada": {
        "cv_avg_scores": {
            "fit_time": 184.8625152349472,
            "score_time": 1.5820136785507202,
            "test_precision": 0.8467483496895263,
            "test_recall": 0.12127773322641004,
            "test_f1": 0.21091621474881123,
            "test_AUC": 0.8976894484762159
        },
        "params": {
            "n_estimators": 1000,
            "learning_rate": 0.032417576962813305
        }
    },
    "et": {
        "cv_avg_scores": {
            "fit_time": 67.63462686538696,
            "score_time": 1.0812934160232544,
            "test_precision": 0.9338713369963371,
            "test_recall": 0.4122560812616948,
            "test_f1": 0.5706347969947103,
            "test_AUC": 0.9617496464164701
        },
        "params": {
            "n_estimators": 1000,
            "max_depth": 50,
            "min_samples_split": 2,
            "min_samples_leaf": 2
        }
    },
    "xgb": {
        "cv_avg_scores": {
            "fit_time": 17.251072812080384,
            "score_time": 0.13331975936889648,
            "test_precision": 0.0,
            "test_recall": 0.0,
            "test_f1": 0.0,
            "test_AUC": 0.8729712890967857
        },
        "params": {
            "n_estimators": 1000,
            "learning_rate": 0.3,
            "max_depth": 50,
            "min_child_weight": 30,
            "reg_alpha": 0.001,
            "reg_lambda": 0.001,
            "gamma": 0.001,
            "tree_method": "gpu_hist",
            "gpu_id": 0,
            "scale_pos_weight": 0.04843400447427293
        }
    }
}