{
    "rf": {
        "cv_avg_scores": {
            "test_auc": 0.9681949668286057,
            "test_precision": 0.7775880636347877,
            "test_recall": 0.9655480984340045,
            "test_f1": 0.9655480984340045
        },
        "params": {
            "n_estimators": 100,
            "max_depth": 44,
            "min_samples_split": 2,
            "min_samples_leaf": 2,
            "criterion": "entropy"
        }
    },
    "lr": {
        "cv_avg_scores": {
            "test_auc": 0.9262866974873322,
            "test_precision": 0.5964368525533968,
            "test_recall": 0.9626398210290827,
            "test_f1": 0.9626398210290827
        },
        "params": {
            "penalty": "l2",
            "C": 100.0,
            "solver": "newton-cholesky",
            "max_iter": 100000
        }
    },
    "et": {
        "cv_avg_scores": {
            "test_auc": 0.9690547240940989,
            "test_precision": 0.7883764903948755,
            "test_recall": 0.9691275167785235,
            "test_f1": 0.9691275167785235
        },
        "params": {
            "n_estimators": 100,
            "max_depth": 50,
            "min_samples_split": 2,
            "min_samples_leaf": 2
        }
    },
    "xgb": {
        "cv_avg_scores": {
            "test_auc": 0.9139731233349006,
            "test_precision": 0.5606537046283959,
            "test_recall": 0.9543624161073826,
            "test_f1": 0.9543624161073827
        },
        "params": {
            "n_estimators": 1000,
            "learning_rate": 0.3,
            "max_depth": 50,
            "min_child_weight": 2,
            "reg_alpha": 0.1,
            "reg_lambda": 0.01102913078926621,
            "gamma": 0.001,
            "tree_method": "gpu_hist",
            "gpu_id": 0,
            "scale_pos_weight": 0.5
        }
    }
}