{
    "rf": {
        "cv_avg_scores": {
            "fit_time": 14.094736337661743,
            "score_time": 0.5016604661941528,
            "test_precision": 0.9665215898729345,
            "test_recall": 0.9890092991542266,
            "test_f1": 0.9776338363190709,
            "test_AUC": 0.9974852253562986
        },
        "params": {
            "n_estimators": 500,
            "max_depth": 41,
            "min_samples_split": 2,
            "min_samples_leaf": 2,
            "criterion": "entropy"
        }
    },
    "lr": {
        "cv_avg_scores": {
            "fit_time": 1.3519415855407715,
            "score_time": 0.012386035919189454,
            "test_precision": 0.8547366215905707,
            "test_recall": 0.9022576061223404,
            "test_f1": 0.8778328130476762,
            "test_AUC": 0.9426896057420301
        },
        "params": {
            "penalty": "l2",
            "C": 100.0,
            "solver": "newton-cholesky",
            "max_iter": 100000
        }
    },
    "svm": {
        "cv_avg_scores": {
            "fit_time": 153.72440953254699,
            "score_time": 22.839411330223083,
            "test_precision": 0.7068325302062449,
            "test_recall": 0.721230063742141,
            "test_f1": 0.7139167738674219,
            "test_AUC": 0.7882363779534243
        },
        "params": {
            "C": 100.0,
            "kernel": "rbf"
        }
    },
    "knn": {
        "cv_avg_scores": {
            "fit_time": 0.011537718772888183,
            "score_time": 4.449723172187805,
            "test_precision": 0.9582853819050235,
            "test_recall": 1.0,
            "test_f1": 0.978693326035113,
            "test_AUC": 0.9898316535997695
        },
        "params": {
            "n_neighbors": 3
        }
    },
    "ada": {
        "cv_avg_scores": {
            "fit_time": 11.695448780059815,
            "score_time": 0.14391019344329833,
            "test_precision": 0.8367918194243504,
            "test_recall": 0.7479726793736455,
            "test_f1": 0.7898762588383652,
            "test_AUC": 0.9053487320542505
        },
        "params": {
            "n_estimators": 100,
            "learning_rate": 0.03733828159170362
        }
    },
    "et": {
        "cv_avg_scores": {
            "fit_time": 4.619449925422669,
            "score_time": 0.10117805004119873,
            "test_precision": 0.9494919914185942,
            "test_recall": 0.9841311635997627,
            "test_f1": 0.9664960476126548,
            "test_AUC": 0.9954544645808239
        },
        "params": {
            "n_estimators": 100,
            "max_depth": 50,
            "min_samples_split": 2,
            "min_samples_leaf": 2
        }
    },
    "xgb": {
        "cv_avg_scores": {
            "fit_time": 10.96722424030304,
            "score_time": 0.009924817085266113,
            "test_precision": 0.9507644124251531,
            "test_recall": 0.8692859871603833,
            "test_f1": 0.9081615086239339,
            "test_AUC": 0.9725015691943361
        },
        "params": {
            "n_estimators": 100,
            "learning_rate": 0.24801353405189067,
            "max_depth": 27,
            "min_child_weight": 23,
            "reg_alpha": 0.015192194551222372,
            "reg_lambda": 0.004652623273094749,
            "gamma": 56.54139057174884,
            "tree_method": "gpu_hist",
            "gpu_id": 0,
            "scale_pos_weight": 0.5
        }
    }
}