{
    "rf": {
        "cv_avg_scores": {
            "test_auc": 0.9733986748855109,
            "test_precision": 0.7879422210587799,
            "test_recall": 0.9671140939597316,
            "test_f1": 0.9671140939597316
        },
        "params": {
            "n_estimators": 1000,
            "max_depth": 50,
            "min_samples_split": 2,
            "min_samples_leaf": 2,
            "criterion": "entropy"
        }
    },
    "lr": {
        "cv_avg_scores": {
            "test_auc": 0.9233695084365041,
            "test_precision": 0.5762786069422345,
            "test_recall": 0.9606263982102908,
            "test_f1": 0.9606263982102908
        },
        "params": {
            "penalty": "l2",
            "C": 100.0,
            "solver": "newton-cholesky",
            "max_iter": 100000
        }
    },
    "et": {
        "cv_avg_scores": {
            "test_auc": 0.9722363701265911,
            "test_precision": 0.7699438039702862,
            "test_recall": 0.9666666666666667,
            "test_f1": 0.9666666666666667
        },
        "params": {
            "n_estimators": 1000,
            "max_depth": 50,
            "min_samples_split": 30,
            "min_samples_leaf": 2
        }
    },
    "xgb": {
        "cv_avg_scores": {
            "test_auc": 0.9258013155374463,
            "test_precision": 0.5982438738324732,
            "test_recall": 0.9550335570469799,
            "test_f1": 0.9550335570469799
        },
        "params": {
            "n_estimators": 1000,
            "learning_rate": 0.3,
            "max_depth": 50,
            "min_child_weight": 2,
            "reg_alpha": 0.07243717510249871,
            "reg_lambda": 0.001,
            "gamma": 0.001,
            "tree_method": "gpu_hist",
            "gpu_id": 0,
            "scale_pos_weight": 0.5
        }
    }
}