{
    "rf": {
        "cv_avg_scores": {
            "fit_time": 2.6410495042800903,
            "score_time": 0.1705115795135498,
            "test_precision": 0.9502618121645379,
            "test_recall": 0.9499242859146241,
            "test_f1": 0.9500667410649282,
            "test_AUC": 0.9910017033407081
        },
        "params": {
            "n_estimators": 100,
            "max_depth": 50,
            "min_samples_split": 9,
            "min_samples_leaf": 10,
            "criterion": "entropy"
        }
    },
    "lr": {
        "cv_avg_scores": {
            "fit_time": 1.4381096124649049,
            "score_time": 0.013542580604553222,
            "test_precision": 0.8576211396893593,
            "test_recall": 0.8933825129477302,
            "test_f1": 0.8751146535897771,
            "test_AUC": 0.94658281979565
        },
        "params": {
            "penalty": "l2",
            "C": 67.35860219171282,
            "solver": "newton-cholesky",
            "max_iter": 100000
        }
    },
    "svm": {
        "cv_avg_scores": {
            "fit_time": 152.55602185726167,
            "score_time": 23.53413028717041,
            "test_precision": 0.7069742667550564,
            "test_recall": 0.7211713093355605,
            "test_f1": 0.713961247080569,
            "test_AUC": 0.7880917752740806
        },
        "params": {
            "C": 100.0,
            "kernel": "rbf"
        }
    },
    "knn": {
        "cv_avg_scores": {
            "fit_time": 0.011520004272460938,
            "score_time": 4.5578204870224,
            "test_precision": 0.9573160539664348,
            "test_recall": 1.0,
            "test_f1": 0.9781873291801432,
            "test_AUC": 0.9889206148867984
        },
        "params": {
            "n_neighbors": 3
        }
    },
    "ada": {
        "cv_avg_scores": {
            "fit_time": 59.28134698867798,
            "score_time": 0.689505672454834,
            "test_precision": 0.8950811197159589,
            "test_recall": 0.8394853445578084,
            "test_f1": 0.8663591098267304,
            "test_AUC": 0.9479579912238165
        },
        "params": {
            "n_estimators": 500,
            "learning_rate": 0.04055785665303522
        }
    },
    "et": {
        "cv_avg_scores": {
            "fit_time": 43.060514497756955,
            "score_time": 1.1811304569244385,
            "test_precision": 0.9648412269661094,
            "test_recall": 0.9833675981018976,
            "test_f1": 0.9740079196171221,
            "test_AUC": 0.996976354640218
        },
        "params": {
            "n_estimators": 1000,
            "max_depth": 47,
            "min_samples_split": 5,
            "min_samples_leaf": 2
        }
    },
    "xgb": {
        "cv_avg_scores": {
            "fit_time": 11.350515532493592,
            "score_time": 0.029481983184814452,
            "test_precision": 0.9921338955900538,
            "test_recall": 1.0,
            "test_f1": 0.9960499795878193,
            "test_AUC": 0.9996686321148063
        },
        "params": {
            "n_estimators": 100,
            "learning_rate": 0.24801541296825722,
            "max_depth": 35,
            "min_child_weight": 2,
            "reg_alpha": 0.1,
            "reg_lambda": 0.07070794960088375,
            "gamma": 0.001,
            "tree_method": "gpu_hist",
            "gpu_id": 0,
            "scale_pos_weight": 0.5
        }
    }
}