{
    "rf": {
        "cv_avg_scores": {
            "test_auc": 0.9681775540232287,
            "test_precision": 0.7751923169279448,
            "test_recall": 0.9662192393736018,
            "test_f1": 0.9662192393736018
        },
        "params": {
            "n_estimators": 100,
            "max_depth": 42,
            "min_samples_split": 13,
            "min_samples_leaf": 2,
            "criterion": "entropy"
        }
    },
    "lr": {
        "cv_avg_scores": {
            "test_auc": 0.9262866974873322,
            "test_precision": 0.5964368525533968,
            "test_recall": 0.9626398210290827,
            "test_f1": 0.9626398210290827
        },
        "params": {
            "penalty": "l2",
            "C": 100.0,
            "solver": "newton-cholesky",
            "max_iter": 100000
        }
    },
    "et": {
        "cv_avg_scores": {
            "test_auc": 0.9705533136568633,
            "test_precision": 0.7899661177399502,
            "test_recall": 0.9689038031319911,
            "test_f1": 0.9689038031319911
        },
        "params": {
            "n_estimators": 100,
            "max_depth": 50,
            "min_samples_split": 5,
            "min_samples_leaf": 2
        }
    },
    "xgb": {
        "cv_avg_scores": {
            "test_auc": 0.9104715170036044,
            "test_precision": 0.5417329220307004,
            "test_recall": 0.9536912751677852,
            "test_f1": 0.9536912751677852
        },
        "params": {
            "n_estimators": 1000,
            "learning_rate": 0.3,
            "max_depth": 50,
            "min_child_weight": 2,
            "reg_alpha": 0.0991831818810211,
            "reg_lambda": 0.07389737777910457,
            "gamma": 0.001,
            "tree_method": "gpu_hist",
            "gpu_id": 0,
            "scale_pos_weight": 0.5
        }
    }
}