{
    "rf": {
        "cv_avg_scores": {
            "fit_time": 40.045456886291504,
            "score_time": 1.7233946323394775,
            "test_precision": 0.9514634787869223,
            "test_recall": 0.3210104250200481,
            "test_f1": 0.47523730702473455,
            "test_AUC": 0.9552859717431984
        },
        "params": {
            "n_estimators": 1000,
            "max_depth": 50,
            "min_samples_split": 15,
            "min_samples_leaf": 2,
            "criterion": "entropy"
        }
    },
    "lr": {
        "cv_avg_scores": {
            "fit_time": 1.365994644165039,
            "score_time": 0.01187758445739746,
            "test_precision": 0.7361933226524926,
            "test_recall": 0.3130179096498263,
            "test_f1": 0.4359448646267333,
            "test_AUC": 0.906654628673674
        },
        "params": {
            "penalty": null,
            "C": 27.073099986527943,
            "solver": "newton-cholesky",
            "max_iter": 100000
        }
    },
    "svm": {
        "cv_avg_scores": {
            "fit_time": 17.271997022628785,
            "score_time": 1.1968771696090699,
            "test_precision": 0.8842405421579894,
            "test_recall": 0.5347233360064154,
            "test_f1": 0.6648422453793164,
            "test_AUC": 0.9414546319834148
        },
        "params": {
            "C": 2.3840148419110485,
            "kernel": "rbf"
        }
    },
    "knn": {
        "cv_avg_scores": {
            "fit_time": 0.009844398498535157,
            "score_time": 1.554575228691101,
            "test_precision": 0.7546927731879557,
            "test_recall": 0.2784014969259556,
            "test_f1": 0.40293457175862757,
            "test_AUC": 0.9269791584490179
        },
        "params": {
            "n_neighbors": 51
        }
    },
    "ada": {
        "cv_avg_scores": {
            "fit_time": 193.876038980484,
            "score_time": 1.15683274269104,
            "test_precision": 0.8026481198540022,
            "test_recall": 0.16634589681903234,
            "test_f1": 0.27332888725950705,
            "test_AUC": 0.906335680079493
        },
        "params": {
            "n_estimators": 1000,
            "learning_rate": 0.05617600349458671
        }
    },
    "et": {
        "cv_avg_scores": {
            "fit_time": 71.59427094459534,
            "score_time": 1.1932920455932616,
            "test_precision": 0.937040692723253,
            "test_recall": 0.42620956963378775,
            "test_f1": 0.5827884564861422,
            "test_AUC": 0.9573019729491075
        },
        "params": {
            "n_estimators": 1000,
            "max_depth": 50,
            "min_samples_split": 2,
            "min_samples_leaf": 2
        }
    },
    "xgb": {
        "cv_avg_scores": {
            "fit_time": 77.39485151767731,
            "score_time": 0.13099892139434816,
            "test_precision": 0.0,
            "test_recall": 0.0,
            "test_f1": 0.0,
            "test_AUC": 0.9205588071802252
        },
        "params": {
            "n_estimators": 1000,
            "learning_rate": 0.004690715862489317,
            "max_depth": 50,
            "min_child_weight": 2,
            "reg_alpha": 0.001,
            "reg_lambda": 0.001,
            "gamma": 0.001,
            "tree_method": "gpu_hist",
            "gpu_id": 0,
            "scale_pos_weight": 0.04843400447427293
        }
    }
}