{
    "rf": {
        "cv_avg_scores": {
            "fit_time": 51.98510754108429,
            "score_time": 0.9597342729568481,
            "test_precision": 0.941821767665083,
            "test_recall": 0.9639132921741617,
            "test_f1": 0.9527163084285887,
            "test_AUC": 0.9908631433633778
        },
        "params": {
            "n_estimators": 500,
            "max_depth": 46,
            "min_samples_split": 10,
            "min_samples_leaf": 2,
            "criterion": "entropy"
        }
    },
    "lr": {
        "cv_avg_scores": {
            "fit_time": 1.835720920562744,
            "score_time": 0.01324155330657959,
            "test_precision": 0.8334110947095252,
            "test_recall": 0.8900913681106919,
            "test_f1": 0.8608017242468666,
            "test_AUC": 0.931122331872885
        },
        "params": {
            "penalty": "l2",
            "C": 100.0,
            "solver": "newton-cholesky",
            "max_iter": 100000
        }
    },
    "svm": {
        "cv_avg_scores": {
            "fit_time": 148.33466668128966,
            "score_time": 6.971416354179382,
            "test_precision": 0.9607886491398909,
            "test_recall": 0.9833670799854375,
            "test_f1": 0.9719426971983456,
            "test_AUC": 0.9864841039934833
        },
        "params": {
            "C": 33.84378625992833,
            "kernel": "rbf"
        }
    },
    "knn": {
        "cv_avg_scores": {
            "fit_time": 0.012676620483398437,
            "score_time": 5.320682168006897,
            "test_precision": 0.901305034711242,
            "test_recall": 0.9789585651904492,
            "test_f1": 0.93849422071413,
            "test_AUC": 0.986279119028894
        },
        "params": {
            "n_neighbors": 14
        }
    },
    "ada": {
        "cv_avg_scores": {
            "fit_time": 383.76933307647704,
            "score_time": 4.425170254707337,
            "test_precision": 0.8285600745480682,
            "test_recall": 0.8756907010530199,
            "test_f1": 0.8514492460976214,
            "test_AUC": 0.9297464752374764
        },
        "params": {
            "n_estimators": 1000,
            "learning_rate": 0.2780399950885979
        }
    },
    "et": {
        "cv_avg_scores": {
            "fit_time": 173.07068898677826,
            "score_time": 1.5768184423446656,
            "test_precision": 0.9457740914799861,
            "test_recall": 0.967792982768828,
            "test_f1": 0.9566292270455705,
            "test_AUC": 0.9920807382851591
        },
        "params": {
            "n_estimators": 1000,
            "max_depth": 50,
            "min_samples_split": 2,
            "min_samples_leaf": 2
        }
    }
}