{
    "rf": {
        "cv_avg_scores": {
            "fit_time": 73.82459046840668,
            "score_time": 1.7155067682266236,
            "test_precision": 0.9360041223606054,
            "test_recall": 0.9605023933526349,
            "test_f1": 0.9480781606149289,
            "test_AUC": 0.9885815008914662
        },
        "params": {
            "n_estimators": 1000,
            "max_depth": 50,
            "min_samples_split": 2,
            "min_samples_leaf": 2,
            "criterion": "entropy"
        }
    },
    "lr": {
        "cv_avg_scores": {
            "fit_time": 1.1673336267471313,
            "score_time": 0.021015429496765138,
            "test_precision": 0.8792986130633424,
            "test_recall": 0.9157158538801051,
            "test_f1": 0.8971129734652774,
            "test_AUC": 0.961595856718575
        },
        "params": {
            "penalty": "l2",
            "C": 88.28189176510008,
            "solver": "newton-cholesky",
            "max_iter": 100000
        }
    },
    "svm": {
        "cv_avg_scores": {
            "fit_time": 47.688957238197325,
            "score_time": 6.815205693244934,
            "test_precision": 0.960093773720217,
            "test_recall": 0.9693191466138327,
            "test_f1": 0.9646707255453796,
            "test_AUC": 0.9881923332620138
        },
        "params": {
            "C": 11.172698172932462,
            "kernel": "rbf"
        }
    },
    "knn": {
        "cv_avg_scores": {
            "fit_time": 0.012598228454589844,
            "score_time": 7.1698027610778805,
            "test_precision": 0.863402492599245,
            "test_recall": 0.9764308476868864,
            "test_f1": 0.9163990802397507,
            "test_AUC": 0.9814706423592359
        },
        "params": {
            "n_neighbors": 20
        }
    },
    "ada": {
        "cv_avg_scores": {
            "fit_time": 187.77522237300872,
            "score_time": 5.798276472091675,
            "test_precision": 0.8638232861565578,
            "test_recall": 0.9105442571626148,
            "test_f1": 0.8865389838690227,
            "test_AUC": 0.9538627766356127
        },
        "params": {
            "n_estimators": 1000,
            "learning_rate": 0.3
        }
    },
    "et": {
        "cv_avg_scores": {
            "fit_time": 134.55660245418548,
            "score_time": 1.5881977796554565,
            "test_precision": 0.9387543551185795,
            "test_recall": 0.9566822170686906,
            "test_f1": 0.9476073680719896,
            "test_AUC": 0.9878772326497733
        },
        "params": {
            "n_estimators": 1000,
            "max_depth": 46,
            "min_samples_split": 2,
            "min_samples_leaf": 2
        }
    },
    "xgb": {
        "cv_avg_scores": {
            "fit_time": 14.973667287826538,
            "score_time": 0.07573568820953369,
            "test_precision": 0.9679403085347713,
            "test_recall": 0.9358758689676565,
            "test_f1": 0.951620311741196,
            "test_AUC": 0.9913597170020644
        },
        "params": {
            "n_estimators": 1000,
            "learning_rate": 0.3,
            "max_depth": 6,
            "min_child_weight": 2,
            "reg_alpha": 0.1,
            "reg_lambda": 0.001,
            "gamma": 0.001,
            "tree_method": "gpu_hist",
            "gpu_id": 0,
            "scale_pos_weight": 0.5
        }
    }
}