{
    "rf": {
        "cv_avg_scores": {
            "test_auc": 0.9653485172996221,
            "test_precision": 0.749591073152113,
            "test_recall": 0.9648769574944072,
            "test_f1": 0.9648769574944072
        },
        "params": {
            "n_estimators": 1000,
            "max_depth": 48,
            "min_samples_split": 9,
            "min_samples_leaf": 2,
            "criterion": "entropy"
        }
    },
    "lr": {
        "cv_avg_scores": {
            "test_auc": 0.9005184662801023,
            "test_precision": 0.4806236566211416,
            "test_recall": 0.9583892617449664,
            "test_f1": 0.9583892617449664
        },
        "params": {
            "penalty": "l2",
            "C": 59.05671345181016,
            "solver": "newton-cholesky",
            "max_iter": 100000
        }
    },
    "et": {
        "cv_avg_scores": {
            "test_auc": 0.9688397847777255,
            "test_precision": 0.7776192439763415,
            "test_recall": 0.9677852348993289,
            "test_f1": 0.9677852348993289
        },
        "params": {
            "n_estimators": 100,
            "max_depth": 50,
            "min_samples_split": 2,
            "min_samples_leaf": 2
        }
    },
    "xgb": {
        "cv_avg_scores": {
            "test_auc": 0.9198951096136099,
            "test_precision": 0.566796975917828,
            "test_recall": 0.9543624161073826,
            "test_f1": 0.9543624161073827
        },
        "params": {
            "n_estimators": 1000,
            "learning_rate": 0.3,
            "max_depth": 6,
            "min_child_weight": 2,
            "reg_alpha": 0.1,
            "reg_lambda": 0.1,
            "gamma": 0.001,
            "tree_method": "gpu_hist",
            "gpu_id": 0,
            "scale_pos_weight": 0.5
        }
    }
}