{
    "rf": {
        "cv_avg_scores": {
            "fit_time": 33.602512454986574,
            "score_time": 0.9466890096664429,
            "test_precision": 0.9458268394821993,
            "test_recall": 0.31527666399358456,
            "test_f1": 0.4703578179723776,
            "test_AUC": 0.9591903666528175
        },
        "params": {
            "n_estimators": 1000,
            "max_depth": 25,
            "min_samples_split": 2,
            "min_samples_leaf": 2,
            "criterion": "entropy"
        }
    },
    "lr": {
        "cv_avg_scores": {
            "fit_time": 1.4239383220672608,
            "score_time": 0.011179041862487794,
            "test_precision": 0.6966302389240557,
            "test_recall": 0.30025394279604384,
            "test_f1": 0.4180569780596327,
            "test_AUC": 0.9073334859435833
        },
        "params": {
            "penalty": null,
            "C": 23.86563734652354,
            "solver": "newton-cholesky",
            "max_iter": 100000
        }
    },
    "svm": {
        "cv_avg_scores": {
            "fit_time": 16.1962238073349,
            "score_time": 0.9391843557357789,
            "test_precision": 0.7966263280558397,
            "test_recall": 0.65358192996525,
            "test_f1": 0.7154349865554949,
            "test_AUC": 0.9457329713842931
        },
        "params": {
            "C": 12.872242622011434,
            "kernel": "rbf"
        }
    },
    "knn": {
        "cv_avg_scores": {
            "fit_time": 0.009064722061157226,
            "score_time": 1.2819647073745728,
            "test_precision": 0.8010817162228452,
            "test_recall": 0.2979016305800589,
            "test_f1": 0.43345158390889926,
            "test_AUC": 0.9379336203307777
        },
        "params": {
            "n_neighbors": 47
        }
    },
    "ada": {
        "cv_avg_scores": {
            "fit_time": 17.481561541557312,
            "score_time": 0.11774864196777343,
            "test_precision": 0.8311904761904761,
            "test_recall": 0.12126436781609196,
            "test_f1": 0.21022321319564924,
            "test_AUC": 0.900646984629299
        },
        "params": {
            "n_estimators": 100,
            "learning_rate": 0.3
        }
    },
    "et": {
        "cv_avg_scores": {
            "fit_time": 6.138363838195801,
            "score_time": 0.15514702796936036,
            "test_precision": 0.9341615158078573,
            "test_recall": 0.39259556268377443,
            "test_f1": 0.5517131929421601,
            "test_AUC": 0.96276251873605
        },
        "params": {
            "n_estimators": 100,
            "max_depth": 49,
            "min_samples_split": 13,
            "min_samples_leaf": 2
        }
    },
    "xgb": {
        "cv_avg_scores": {
            "fit_time": 16.75363802909851,
            "score_time": 0.02445528507232666,
            "test_precision": 0.0,
            "test_recall": 0.0,
            "test_f1": 0.0,
            "test_AUC": 0.8714536895395917
        },
        "params": {
            "n_estimators": 1000,
            "learning_rate": 0.06571297840382087,
            "max_depth": 33,
            "min_child_weight": 2,
            "reg_alpha": 0.005120648556625213,
            "reg_lambda": 0.023295449149595394,
            "gamma": 3.7447145277839464,
            "tree_method": "gpu_hist",
            "gpu_id": 0,
            "scale_pos_weight": 0.04843400447427293
        }
    }
}